Author,Year,Title,Publication,DOI
Zhou,2021,ADDCNN: An Attention-Based Deep Dilated Convolutional Neural Network for Seismic Facies Analysis With Interpretable SpatialSpectral Maps,IEEE Trans Geosci Remote Sensing,10.1109/tgrs.2020.2999365
Muerth,2021,ExtremeEarth Meets Satellite Data From Space,IEEE J Sel Top Appl Earth Observ Remote Sens,10.1109/jstars.2021.3107982
Karim,2021,Deep/Transfer Learning with Feature Space Ensemble Networks (FeatSpaceEnsNets) and Average Ensemble Networks (AvgEnsNets) for Change Detection Using DInSAR Sentinel-1 and Optical Sentinel-2 Satellite Data Fusion,Remote Sens,10.3390/rs13214394
Carvalho,2021,Satellite Image Time Series Analysis for Big Earth Observation Data,Remote Sens,10.3390/rs13132428
Cherati,2021,Bio-Inspired Hybridization of Artificial Neural Networks: An Application for Mapping the Spatial Distribution of Soil Texture Fractions,Remote Sens,10.3390/rs13051025
Park,2019,Spatial Assessment of Solar Radiation by Machine Learning and Deep Neural Network Models Using Data Provided by the COMS MI Geostationary Satellite: A Case Study in South Korea,Sensors,10.3390/s19092082
Puertas-Ruiz,2020,Tree Cover Estimation in Global Drylands from Space Using Deep Learning,Remote Sens,10.3390/rs12030343
Hsu,2021,Tobler's First Law in GeoAI: A Spatially Explicit Deep Learning Model for Terrain Feature Detection under Weak Supervision,Ann Am Assoc Geogr,10.1080/24694452.2021.1877527
Song,2021,Prediction of Subsidence during TBM Operation in Mixed-Face Ground Conditions from Realtime Monitoring Data,Appl Sci -Basel,10.3390/app112412130
Lee,2021,Prediction of Subsidence during TBM Operation in Mixed-Face Ground Conditions from Realtime Monitoring Data,Appl Sci -Basel,10.3390/app112412130
Manuel Sanchez,2020,Use of computational intelligence techniques to predict flooding in places adjacent to the Magdalena River,Heliyon,10.1016/j.heliyon.2020.e04872
Reichstein,2019,Deep learning and process understanding for data-driven Earth system science,Nature,10.1038/s41586-019-0912-1
Bahrami,2021,Deep Learning-Based Estimation of Crop Biophysical Parameters Using Multi-Source and Multi-Temporal Remote Sensing Observations,Agronomy-Basel,10.3390/agronomy11071363
Ali,2020,Big Data Analytics for Short and Medium-Term Electricity Load Forecasting Using an AI Techniques Ensembler,Energies,10.3390/en13195193
Wightman,2019,A MACHINE LEARNING PIPELINE ARTICULATING SATELLITE IMAGERY AND OPENSTREETMAP FOR ROAD DETECTION,FOSS4G 2019 - ACADEMIC TRACK,10.5194/isprs-archives-xlii-4-w14-255-2019
Tombe,2021,Adaptive Deep Co-Occurrence Feature Learning Based on Classifier-Fusion for Remote Sensing Scene Classification,IEEE J Sel Top Appl Earth Observ Remote Sens,10.1109/jstars.2020.3044264
Gamazo,2021,Distribution of Groundwater Arsenic in Uruguay Using Hybrid Machine Learning and Expert System Approaches,Water,10.3390/w13040527
Pandey,2020,"Artificial Neural Network Optimized with a Genetic Algorithm for Seasonal Groundwater Table Depth Prediction in Uttar Pradesh, India",Sustainability,10.3390/su12218932
Kumar,2020,"Artificial Neural Network Optimized with a Genetic Algorithm for Seasonal Groundwater Table Depth Prediction in Uttar Pradesh, India",Sustainability,10.3390/su12218932
Farchi,2021,Using machine learning to correct model error in data assimilation and forecast applications,Q J R Meteorol Soc,10.1002/qj.4116
Al-Abadi,2021,"Modeling of Groundwater Potential Using Cloud Computing Platform: A Case Study from Nineveh Plain, Northern Iraq",Water,10.3390/w13233330
Winterle,2021,Interpretable vs,noninterpretable machine learning models for data-driven hydro-climatological process modeling (R) Expert Syst Appl,10.1016/j.jneuroling.2005.11.003
Berganzo-Besga,2021,Hybrid MSRM-Based Deep Learning and Multitemporal Sentinel 2-Based Machine Learning Algorithm Detects Near 10k Archaeological Tumuli in North-Western Iberia,Remote Sens,10.3390/rs13204181
Salem,2018,Comparison of CNNs for Remote Sensing Scene Classification,PROCEEDINGS OF 2018 13TH INTERNATIONAL CONFERENCE ON COMPUTER ENGINEERING AND SYSTEMS (ICCES),10.1109/icces.2018.8639467
Amin,2018,DeepSIC: a deep model For satellite image classification,Cluster Comput,10.1007/s10586-017-1010-5
Zaki,TICS,Increase the Exploitation of Mars Satellite Images Via Deep Learning Techniques,PROCEEDINGS OF INTERNATIONAL CONFERENCE ON ROB,10.35940/ijrte.f9736.038620
Ghayour,2021,Performance Evaluation of Sentinel-2 and Landsat 8 OLI Data for Land Cover/Use Classification Using a Comparison between Machine Learning Algorithms,Remote Sens,10.3390/rs13071349
Svennevik,2021,Prediction of Cloud Fractional Cover Using Machine Learning,Big Data Cogn Comput,10.3390/bdcc5040062
Latif,2021,Predictive modelling of piezometric head and seepage discharge in earth dam using soft computational models,Environ Sci Pollut Res,10.1007/s11356-021-15029-4
Chakrabarti,2021,Analysis of Earthquake Forecasting in India Using Supervised Machine Learning Classifiers,Sustainability,10.3390/su13020971
Tavus,2021,Integration of an InSAR and ANN for Sinkhole Susceptibility Mapping: A Case Study from Kirikkale-Delice (Turkey),ISPRS Int J Geo-Inf,10.3390/ijgi10030119
Er,2021,Integration of an InSAR and ANN for Sinkhole Susceptibility Mapping: A Case Study from Kirikkale-Delice (Turkey),ISPRS Int J Geo-Inf,10.3390/ijgi10030119
Ertugrul,2021,Integration of an InSAR and ANN for Sinkhole Susceptibility Mapping: A Case Study from Kirikkale-Delice (Turkey),ISPRS Int J Geo-Inf,10.3390/ijgi10030119
Ozdemir,2021,Integration of an InSAR and ANN for Sinkhole Susceptibility Mapping: A Case Study from Kirikkale-Delice (Turkey),ISPRS Int J Geo-Inf,10.3390/ijgi10030119
Kaya,2021,Integration of an InSAR and ANN for Sinkhole Susceptibility Mapping: A Case Study from Kirikkale-Delice (Turkey),ISPRS Int J Geo-Inf,10.3390/ijgi10030119
Bhandari,2021,Automatic Detection of Impervious Surfaces from Remotely Sensed Data Using Deep Learning,Remote Sens,10.3390/rs13163166
Thi,2022,Deep Learning-Based Water Crystal Classification,Appl Sci -Basel,10.3390/app12020825
Andres,2022,Deep Learning-Based Water Crystal Classification,Appl Sci -Basel,10.3390/app12020825
Quoc,2022,Deep Learning-Based Water Crystal Classification,Appl Sci -Basel,10.3390/app12020825
Emoto,2022,Deep Learning-Based Water Crystal Classification,Appl Sci -Basel,10.3390/app12020825
Hayashi,2022,Deep Learning-Based Water Crystal Classification,Appl Sci -Basel,10.3390/app12020825
Katsumata,2022,Deep Learning-Based Water Crystal Classification,Appl Sci -Basel,10.3390/app12020825
Timilsina,2020,Mapping Urban Tree Cover Changes Using Object-Based Convolution Neural Network (OB-CNN),Remote Sens,10.3390/rs12183017
Karray,2018,PREDICAT: A semantic service-oriented platform for data interoperability and linking in earth observation and disaster prediction,2018 IEEE 11TH CONFERENCE ON SERVICE-ORIENTED COMPUTING AND APPLICATIONS (SOCA),10.1109/soca.2018.00035
Archimede,2018,PREDICAT: A semantic service-oriented platform for data interoperability and linking in earth observation and disaster prediction,2018 IEEE 11TH CONFERENCE ON SERVICE-ORIENTED COMPUTING AND APPLICATIONS (SOCA),10.1109/soca.2018.00035
Vakalopoulou,2019,A Novel Object-Based Deep Learning Framework for Semantic Segmentation of Very High-Resolution Remote Sensing Data: Comparison with Convolutional and Fully Convolutional Networks,Remote Sens,10.3390/rs11060684
Roesch,2020,Geospatial Data Management Research: Progress and Future Directions,ISPRS Int Geo-Inf,10.3390/ijgi9020095
Armaghani,2020,Seepage Analysis in Short Embankments Using Developing a Metaheuristic Method Based on Governing Equations,Appl Sci -Basel,10.3390/app10051761
Cao,2020,Enabling the Big Earth Observation Data via Cloud Computing and DGGS: Opportunities and Challenges,Remote Sens,10.3390/rs12010062
Dalila,2022,Missing data imputation of MAGDAS-9 ' s ground electromagnetism with supervised machine learning and conventional statistical analysis models,Alex Eng J,10.1016/j.aej.2021.04.096
Jamel,2021,STABILITY AND SEEPAGE OF EARTH DAMS WITH TOE FILTER (CALIBRATED WITH ARTIFICIAL NEURAL NETWORK),J Eng Sci Technol,10.4203/ccp.78.57
Iizuka,2020,Geochemical Discrimination of Monazite Source Rock Based on Machine Learning Techniques and Multinomial Logistic Regression Analysis,Geosciences,10.3390/geosciences10020063
Astola,2021,Deep Neural Networks with Transfer Learning for Forest Variable Estimation Using Sentinel-2 Imagery in Boreal Forest,Remote Sens,10.3390/rs13122392
Huang,2021,Prediction of marine heat flow based on the random forest method and geological and geophysical features,Mar Geophys Res,10.1007/s11001-021-09452-y
Wu,2021,Prediction of marine heat flow based on the random forest method and geological and geophysical features,Mar Geophys Res,10.1007/s11001-021-09452-y
Shirazy,2021,"Investigation of Magneto-/Radio-Metric Behavior in Order to Identify an Estimator Model Using K-Means Clustering and Artificial Neural Network (ANN) (Iron Ore Deposit, Yazd, IRAN)",Minerals,10.3390/min11121304
Ghorbani,2018,Presenting a new method to improve the detection of micro-seismic events,Environ Monit Assess,10.1007/s10661-018-6837-6
Saidani,form,Analysis of positive correlation in magnitude and time measurement for earthquake using electric signals,Earth Sci I,10.1007/s12145-021-00754-8
Koprivec,2020,FASTENER Feature Selection for Inference from Earth Observation Data,Entropy,10.3390/e22111198
Ma,2019,Performance optimization and evaluation for parallel processing of big data in earth system models,Cluster Comput,10.1007/s10586-017-1477-0
Haensch,2021,Global Land-Cover Mapping With Weak Supervision: Outcome of the 2020 IEEE GRSS Data Fusion Contest,IEEE J Sel Top Appl Earth Observ Remote Sens,10.1109/jstars.2021.3063849
Song,2020,Rainfall Monitoring Based on Machine Learning by Earth-Space Link in the Ku Band,IEEE J Sel Top Appl Earth Observ Remote Sens,10.1109/jstars.2020.3004375
Gao,2020,Rainfall Monitoring Based on Machine Learning by Earth-Space Link in the Ku Band,IEEE J Sel Top Appl Earth Observ Remote Sens,10.1109/jstars.2020.3004375
Khan,2021,Hantavirus: The Next Pandemic We Are Waiting For?,Interdiscip Sci,10.1007/s12539-020-00413-4
Jurado,2021,"Review of Recent Drilling Projects in Unconventional Geothermal Resources at Campi Flegrei Caldera, Cornubian Batholith, and Williston Sedimentary Basin",Energies,10.3390/en14113306
Yousaf,2020,Glacial Lakes Mapping Using Multi Satellite PlanetScope Imagery and Deep Learning,ISPRS Int J Geo-Inf,10.3390/ijgi9100560
Wang,2018,ENVISIONED WIRELESS BIG DATA STORAGE FOR LOW-EARTH-ORBIT SATELLITE-BASED CLOUD,IEEE Wirel Commun,10.1109/mwc.2018.1700178
Budavari,2020,Deep Learning for Land Cover Classification Using Only a Few Bands,Remote Sens,10.3390/rs12122000
Thepaut,2020,Artificial Neural Networks to Retrieve Land and Sea Skin Temperature from IASI,Remote Sens,10.3390/rs12172777
Cheng,2020,Big Earth Observation Data Integration in Remote Sensing Based on a Distributed Spatial Framework,Remote Sens,10.3390/rs12060972
Wen,2022,Upscaling in Situ Site-Based Albedo Using Machine Learning Models: Main Controlling Factors on Results,IEEE Trans Geosci Remote Sensing,10.1109/tgrs.2021.3095153
Iapaolo,2020,Predicting WNV Circulation in Italy Using Earth Observation Data and Extreme Gradient Boosting Model,Remote Sens,10.3390/rs12183064
Vincenzi,2020,Predicting WNV Circulation in Italy Using Earth Observation Data and Extreme Gradient Boosting Model,Remote Sens,10.3390/rs12183064
Rezaei,2019,Assessment of Landslide Susceptibility Using Statistical- and Artificial Intelligence-Based FR-RF Integrated Model and Multiresolution DEMs,Remote Sens,10.3390/rs11090999
Marujo,2020,"Earth Observation Data Cubes for Brazil: Requirements, Methodology and Products",Remote Sens,10.3390/rs12244033
Zhou,2022,Automatic Framework of Mapping Impervious Surface Growth With Long-Term Landsat Imagery Based on Temporal Deep Learning Model,IEEE Geosci Remote Sens Lett,10.1109/lgrs.2021.3135869
Cheminant,2021,CNN-Based Classifier as an Offline Trigger for the CREDO Experiment,Sensors,10.3390/s21144804
Arkle,2018,Estimating vegetation biomass and cover across large plots in shrub and grass dominated drylands using terrestrial lidar and machine learning,Ecol Indic,10.1016/j.ecolind.2017.09.034
Lee,2019,CloudSegNet: A Deep Network for Nychthemeron Cloud Image Segmentation,IEEE Geosci Remote Sens Lett,10.1109/lgrs.2019.2912140
Maciel,2018,Big earth observation time series analysis for monitoring Brazilian agriculture,ISPRS-J Photogramm Remote Sens,10.1016/j.isprsjprs.2018.08.007
Duc Anh Nguyen,2020,"Novel Ensemble Landslide Predictive Models Based on the Hyperpipes Algorithm: A Case Study in the Nam Dam Commune, Vietnam",Appl Sci -Basel,10.3390/app10113710
Trung Hieu Tran,2020,"Novel Ensemble Landslide Predictive Models Based on the Hyperpipes Algorithm: A Case Study in the Nam Dam Commune, Vietnam",Appl Sci -Basel,10.3390/app10113710
Gargouri,TING,Towards Knowledge-Driven Automatic Service Composition for Wildfire Prediction,SERVICE-ORIENTED COMP,10.1007/978-3-030-76352-7_38
Geng,2019,Hyperspectral Image Classification Based on Two-Phase Relation Learning Network,IEEE Trans Geosci Remote Sensing,10.1109/tgrs.2019.2934218
de Souza,2020,Evaluation of machine learning methods for lithology classification using geophysical data,Comput Geosci,10.1016/j.cageo.2020.104475
Marti,2021,Machine Learning for Mineral Identification and Ore Estimation from Hyperspectral Imagery in Tin-Tungsten Deposits: Simulation under Indoor Conditions,Remote Sens,10.3390/rs13163258
Karadayi,DATA,Unsupervised Anomaly Detection in Multivariate Spatio-Temporal Datasets Using Deep Learning,ADVANCED ANALYTICS AND LEARNING ON TEMPORAL,10.1007/978-3-030-39098-3_13
Duval,2019,"HexaShrink, an exact scalable framework for hexahedral meshes with attributes and discontinuities: multiresolution rendering and storage of geoscience models",Comput Geosci,10.1007/s10596-019-9816-2
Merodio Gomez,2021,Earth Observations and Statistics: Unlocking Sociodemographic Knowledge through the Power of Satellite Images,Sustainability,10.3390/su132212640
Supangkat,2018,Big Data Analytics for Safe and Secure City,2018 INTERNATIONAL CONFERENCE ON ICT FOR SMART SOCIETY (ICISS),10.1109/ictss.2018.8550023
Simonis,2018,Container-based Architecture to Optimize the Integration of Microservices into Cloud-Based Data-Intensive Application Scenarios,ECSA 2018: PROCEEDINGS OF THE 12TH EUROPEAN CONFERENCE ON SOFTWARE ARCHITECTURE: COMPANION PROCEEDINGS,10.1145/3241403.3241439
Mohrdieck,2020,"Data Analytics, Machine Learning and Risk Assessment for Surveillance and Situation Awareness",2020 21ST INTERNATIONAL RADAR SYMPOSIUM (IRS 2020),10.23919/irs48640.2020.9253816
Khoshboresh-Masouleh,2020,A Deep Learning Method for Near-Real-Time Cloud and Cloud Shadow Segmentation from Gaofen-1 Images,Comput Intell Neurosci,10.1155/2020/8811630
Moghaddam,2020,An SVM-Based Scheme for Automatic Identification of Architectural Line Features and Cracks,Appl Sci -Basel,10.3390/app10155077
Messina,2020,An SVM-Based Scheme for Automatic Identification of Architectural Line Features and Cracks,Appl Sci -Basel,10.3390/app10155077
Zhang,2022,Hypergraph-Structured Autoencoder for Unsupervised and Semisupervised Classification of Hyperspectral Image,IEEE Geosci Remote Sens Lett,10.1109/lgrs.2021.3054868
Delipetrev,2019,Evaluation of the Potential of Convolutional Neural Networks and Random Forests for Multi-Class Segmentation of Sentinel-2 Imagery,Remote Sens,10.3390/rs11080907
Follega,2022,Deep learning based event reconstruction for the Limadou High-Energy Particle Detector,Phys Rev D,10.1103/physrevd.105.022004
Iuppa,2022,Deep learning based event reconstruction for the Limadou High-Energy Particle Detector,Phys Rev D,10.1103/physrevd.105.022004
Hoang Phan Hai Yen,2020,"A Comparative Study of Kernel Logistic Regression, Radial Basis Function Classifier, Multinomial Naive Bayes, and Logistic Model Tree for Flash Flood Susceptibility Mapping",Water,10.3390/w12010239
Sonnenschein,2021,Geohazards Monitoring and Assessment Using Multi-Source Earth Observation Techniques,Remote Sens,10.3390/rs13214269
Burkhard, GIS,APPLICATION OF REMOTE SENSING AND BIG DATA FOR GLOBAL WATER USE SUSTAINABILITY ASSESSMENT AND MONITORING,7TH INTERNATIONAL CONFERENCE ON CARTOGRAPHY AN,10.1080/20964471.2018.1548052
Carevic,2021,"Geological Approach for Landfill Site Selection: A Case Study of Vrsac Municipality, Serbia",Sustainability,10.3390/su13147810
Batocanin,2021,"Geological Approach for Landfill Site Selection: A Case Study of Vrsac Municipality, Serbia",Sustainability,10.3390/su13147810
Alshahrani,2021,An automated deep learning based satellite imagery analysis for ecology management,Ecol Inform,10.1016/j.ecoinf.2021.101452
El Marouani,2020,Using Earth Mover's Distance and Word Embeddings for Recognizing Textual Entailment in Arabic,Comput Sist,10.18653/v1/w17-1322
Enneya,2020,Using Earth Mover's Distance and Word Embeddings for Recognizing Textual Entailment in Arabic,Comput Sist,10.18653/v1/w17-1322
Ahmed,2019,Efficient Water Quality Prediction Using Supervised Machine Learning,Water,10.3390/w11112210
Shah,2019,Efficient Water Quality Prediction Using Supervised Machine Learning,Water,10.3390/w11112210
Irfan,2019,Efficient Water Quality Prediction Using Supervised Machine Learning,Water,10.3390/w11112210
Shi,2020,Bidirectional Grid Fusion Network for Accurate Land Cover Classification of High-Resolution Remote Sensing Images,IEEE J Sel Top Appl Earth Observ Remote Sens,10.1109/jstars.2020.3023645
Wei,2021,A Digital Signal Recovery Technique Using DNNs for LEO Satellite Communication Systems,IEEE Trans Ind Electron,10.1109/tie.2020.2994873
Farmakis,2021,Targeted Rock Slope Assessment Using Voxels and Object-Oriented Classification,Remote Sens,10.3390/rs13071354
Schmidt,2021,Remote Sensing for Short-Term Economic Forecasts,Sustainability,10.3390/su13179593
Bashir,2021,"Mapping Allochemical Limestone Formations in Hazara, Pakistan Using Google Cloud Architecture: Application of Machine-Learning Algorithms on Multispectral Data",ISPRS Int J Geo-Inf,10.3390/ijgi10020058
Din,2021,"Mapping Allochemical Limestone Formations in Hazara, Pakistan Using Google Cloud Architecture: Application of Machine-Learning Algorithms on Multispectral Data",ISPRS Int J Geo-Inf,10.3390/ijgi10020058
Xu,2018,Urban Area Detection in Very High Resolution Remote Sensing Images Using Deep Convolutional Neural Networks,Sensors,10.3390/s18030904
Ahmad,2019,Analyzing Machine Learning Predictions of Passive Microwave Brightness Temperature Spectral Difference Over Snow-Covered Terrain in High Mountain Asia,Front Earth Sci,10.3389/feart.2019.00212
Stark,2021,Deep Learning-Based Generation of Building Stock Data from Remote Sensing for Urban Heat Demand Modeling,ISPRS Int J Geo-Inf,10.3390/ijgi10010023
Gore,2020,DWELLING IN THE ANTHROPOCENE: NOTES FROM LAKE SUPERIOR JOSHUA TREY BARNETT AND DAVID CHARLES GORE,Ethics Environ,10.2979/ethicsenviro.25.1.04
Kite,2021,Assessing the Generalization of Machine Learning-Based Slope Failure Prediction to New Geographic Extents,ISPRS Int J Geo-Inf,10.3390/ijgi10050293
Wu,2020,A Multi-Sensor Fusion Framework Based on Coupled Residual Convolutional Neural Networks,Remote Sens,10.3390/rs12122067
Moustafa,2021,Hyperspectral change detection based on modification of UNet neural networks,J Appl Remote Sens,10.1117/1.jrs.15.028505
de Morais,2020,Sunspot behavior forecast using neural networks approaches,2020 IEEE INTERNATIONAL CONFERENCE ON INDUSTRIAL TECHNOLOGY (ICIT),10.1109/icit45562.2020.9067206
Scott,2021,Re/turning to soil: becoming one-bodied with the Earth,Cult Stud Sci Educ,10.1007/s11422-021-10031-1
Guigoz,2019,"Snow Cover Evolution in the Gran Paradiso National Park, Italian Alps, Using the Earth Observation Data Cube",Data,10.3390/data4040138
Zhou,2021,RSIMS: Large-Scale Heterogeneous Remote Sensing Images Management System,Remote Sens,10.3390/rs13091815
Han,2021,Spatial-Temporal Distribution of the Freeze-Thaw Cycle of the Largest Lake (Qinghai Lake) in China Based on Machine Learning and MODIS from 2000 to 2020,Remote Sens,10.3390/rs13091695
Wu,2021,Proportionated Distributions in Spatiotemporal Structure of the World Cultural Heritage Sites: Analysis and Countermeasures,Sustainability,10.3390/su13042148
Guerron-Orejuela,2022,Using Remote Sensing and Machine Learning to Locate Groundwater Discharge to Salmon-Bearing Streams,Remote Sens,10.3390/rs14010063
Lin,2021,Toward Large-Scale Mapping of Tree Crops with High-Resolution Satellite Imagery and Deep Learning Algorithms: A Case Study of Olive Orchards in Morocco,Remote Sens,10.3390/rs13091740
Ghosh,2021,Toward Large-Scale Mapping of Tree Crops with High-Resolution Satellite Imagery and Deep Learning Algorithms: A Case Study of Olive Orchards in Morocco,Remote Sens,10.3390/rs13091740
Wilhelm,2021,Towards Tackling Multi-Label Imbalances in Remote Sensing Imagery,2020 25TH INTERNATIONAL CONFERENCE ON PATTERN RECOGNITION (ICPR),10.1109/icpr48806.2021.9412588
Hernandez-Barco,2020,Teaching Down to Earth-Service-Learning Methodology for Science Education and Sustainability at the University Level: A Practical Approach,Sustainability,10.3390/su12020542
Drivas,2021,Semantically Enriched Crop Type Classification and Linked Earth Observation Data to Support the Common Agricultural Policy Monitoring,IEEE J Sel Top Appl Earth Observ Remote Sens,10.1109/jstars.2020.3038152
Michalopoulou,2018,Challenges in Estimating Global CF4 and C2F6 Emissions,LIGHT METALS 2018,10.1007/978-3-319-72284-9_196
Zhong,2020,Discriminative Feature Learning Constrained Unsupervised Network for Cloud Detection in Remote Sensing Imagery,Remote Sens,10.3390/rs12030456
Zhang,2021,Deep-learning-based burned area mapping using the synergy of Sentinel-1&2 data,Remote Sens Environ,
Yan,2018,WSF-NET: Weakly Supervised Feature-Fusion Network for Binary Segmentation in Remote Sensing Image,Remote Sens,10.3390/rs10121970
Han,2019,Aerial Image Road Extraction Based on an Improved Generative Adversarial Network,Remote Sens,10.3390/rs11080930
Barsi,2020,Calibrating Geosynchronous and Polar Orbiting Satellites: Sharing Best Practices,Remote Sens,10.3390/rs12172786
Wang,2019,Downscaling Precipitation in the Data-Scarce Inland River Basin of Northwest China Based on Earth System Data Products,Atmosphere,10.3390/atmos10100613
Dutta,2021,New Trends in Bioremediation Technologies Toward Environment-Friendly Society: A Mini-Review,Front Bioeng Biotechnol,10.3389/fbioe.2021.666858
Gitis,IONS,Earthquake Prediction Based on Combined Seismic and GPS Monitoring Data,COMPUTATIONAL SCIENCE AND ITS APPLICA,10.1007/978-3-030-86979-3_42
Ferguson,2021,Microgravity-induced alterations of mouse bones are compartment- and site-specific and vary with age,Bone,10.1016/j.bone.2021.116021
Naghipour,2021,Vegetation Types Mapping Using Multi-Temporal Landsat Images in the Google Earth Engine Platform,Remote Sens,10.3390/rs13224683
Mahdavi,2020,Estimation of Semiarid Forest Canopy Cover Using Optimal Field Sampling and Satellite Data with Machine Learning Algorithms,J Indian Soc Remote Sens,10.1007/s12524-020-01102-x
Zhu,2018,Towards Real-Time Service from Remote Sensing: Compression of Earth Observatory Video Data via Long-Term Background Referencing,Remote Sens,10.3390/rs10060876
Franchi,2020,Statistically learning Archean carbonate diagenesis,Precambrian Res,10.1016/j.precamres.2020.105867
Tonelli,2021,Climate Projections for the Southern Ocean Reveal Impacts in the Marine Microbial Communities Following Increases in Sea Surface Temperature,Front Mar Sci,10.3389/fmars.2021.636226
Venkatappa,2019,Determination of Vegetation Thresholds for Assessing Land Use and Land Use Changes in Cambodia using the Google Earth Engine Cloud-Computing Platform,Remote Sens,10.3390/rs11131514
Wei,2021,Assessment of Annual Composite Images Obtained by Google Earth Engine for Urban Areas Mapping Using Random Forest,Remote Sens,10.3390/rs13040748
Schmidt,2021,Shortwave Radiance to Irradiance Conversion for Earth Radiation Budget Satellite Observations: A Review,Remote Sens,10.3390/rs13132640
Hoang,2020,A New Hybrid Firefly-PSO Optimized Random Subspace Tree Intelligence for Torrential Rainfall-Induced Flash Flood Susceptible Mapping,Remote Sens,10.3390/rs12172688
Hoa,2020,A New Hybrid Firefly-PSO Optimized Random Subspace Tree Intelligence for Torrential Rainfall-Induced Flash Flood Susceptible Mapping,Remote Sens,10.3390/rs12172688
Sang,2020,A Machine Learning-Based Approach for Improved Orbit Predictions of LEO Space Debris With Sparse Tracking Data From a Single Station,IEEE Trans Aerosp Electron Syst,10.1109/taes.2020.2989067
de Campos Souza,2019,Pulsar Detection for Wavelets SODA and Regularized Fuzzy Neural Networks Based on Andneuron and Robust Activation Function,Int J Artif Intell Tools,10.1142/s0218213019500039
Guimardes,2019,Pulsar Detection for Wavelets SODA and Regularized Fuzzy Neural Networks Based on Andneuron and Robust Activation Function,Int J Artif Intell Tools,10.1142/s0218213019500039
Wang,2019,A Distributed Storage and Access Approach for Massive Remote Sensing Data in MongoDB,ISPRS Int Geo-Inf,10.3390/ijgi8120533
Ahmad,2022,A machine learning approach for accurate crop type mapping using combined SAR and optical time series data,Adv Space Res,10.1016/j.asr.2021.09.019
Bunn,2019,"A Simplified, Object-Based Framework for Efficient Landslide Inventorying Using LIDAR Digital Elevation Model Derivatives",Remote Sens,10.3390/rs11030303
Chen,2021,Object-Level Semantic Segmentation on the High-Resolution Gaofen-3 FUSAR-Map Dataset,IEEE J Sel Top Appl Earth Observ Remote Sens,10.1109/jstars.2021.3063797
Zhang,2018,Weather and Air Quality Drive the Winter Use of Utah's Big and Little Cottonwood Canyons,Sustainability,10.3390/su10103582
Kitta,2020,Implementing Sustainable Irrigation in Water-Scarce Regions under the Impact of Climate Change,Agronomy-Basel,10.3390/agronomy10081120
Li,2021,River Extraction under Bankfull Discharge Conditions Based on Sentinel-2 Imagery and DEM Data,Remote Sens,10.3390/rs13142650
Cui,2021,Mapping salt marsh along coastal South Carolina using U-Net,ISPRS-J Photogramm Remote Sens,10.1016/j.isprsjprs.2021.07.011
Curiano,2021,Overview of optical observation strategies and systems: LEO and GEO measurements acquisition for position and attitude determination,2021 IEEE 8TH INTERNATIONAL WORKSHOP ON METROLOGY FOR AEROSPACE (IEEE METROAEROSPACE),10.1109/metroaerospace51421.2021.9511712
Tang,2021,Dual-Task Semantic Change Detection for Remote Sensing Images Using the Generative Change Field Module,Remote Sens,10.3390/rs13163336
Hashimoto,2019,High-resolution mapping of daily climate variables by aggregating multiple spatial data sets with the random forest algorithm over the conterminous United States,Int J Climatol,10.1002/joc.5995
Maqbool,2020,Daily dataset of oil prices and stock prices for the top oil exporting and importing countries from the region of Asia,Data Brief,10.1016/j.dib.2019.104871
Amoruso,2018,Efficient and automatic image reduction framework for space debris detection based on GPU technology,Acta Astronaut,10.1016/j.actaastro.2018.02.009
Oman,2019,Planetary Defense Mitigation Gateway: A One-Stop Gateway for Pertinent PD-Related Contents,Data,10.3390/data4020047
Morgenthal,2021,"Using Sentinel-1 and Sentinel-2 Time Series for Slangbos Mapping in the Free State Province, South Africa",Remote Sens,10.3390/rs13173342
Sajjad,2022,"Assessing the Influence of Land Use/Land Cover Alteration on Climate Variability: An Analysis in the Aurangabad District of Maharashtra State, India",Sustainability,10.3390/su14020642
Sardooi,2019,Modeling the Impact of Climate Change and Land Use Change Scenarios on Soil Erosion at the Minab Dam Watershed,Sustainability,10.3390/su11123353
Hua,2021,Impact Assessments of Typhoon Lekima on Forest Damages in Subtropical China Using Machine Learning Methods and Landsat 8 OLI Imagery,Sustainability,10.3390/su13094893
Breaban,2022,3D Modeling of Urban Area Based on Oblique UAS Images-An End-to-End Pipeline,Remote Sens,10.3390/rs14020422
Heras,2020,Texture Extraction Techniques for the Classification of Vegetation Species in Hyperspectral Imagery: Bag of Words Approach Based on Superpixels,Remote Sens,10.3390/rs12162633
Wickberg,2020,Where Humans and the Planetary Conflate-An Introduction to Environing Media,Humanities-Basel,10.3390/h9030065
Marquez,2021,"Cultivating Positive Health, Learning, and Community: The Return of Mesoamerica's Quetzalcoatl and the Venus Star",Genealogy,10.3390/genealogy5020053
Kissling,2018,Building essential biodiversity variables (EBVs) of species distribution and abundance at a global scale,Biol Rev,10.1111/brv.12359
Anders,2021,A Framework for Cloud-Based Spatially-Explicit Uncertainty and Sensitivity Analysis in Spatial Multi-Criteria Models,ISPRS Int J Geo-Inf,10.3390/ijgi10040244
Proestakis,2018,Earth-Observation-Based Estimation and Forecasting of Particulate Matter Impact on Solar Energy in Egypt,Remote Sens,10.3390/rs10121870
Lenti,2020,Mapping Three Decades of Changes in the Brazilian Savanna Native Vegetation Using Landsat Data Processed in the Google Earth Engine Platform,Remote Sens,10.3390/rs12060924
Castro,2020,Mapping Three Decades of Changes in the Brazilian Savanna Native Vegetation Using Landsat Data Processed in the Google Earth Engine Platform,Remote Sens,10.3390/rs12060924
Fonseka,2019,"Urbanization and Its Impacts on Land Surface Temperature in Colombo Metropolitan Area, Sri Lanka, from 1988 to 2016",Remote Sens,10.3390/rs11080957
Kinaci,2022,Semantic Segmentation of High-Resolution Airborne Images with Dual-Stream DeepLabV3+,ISPRS Int J Geo-Inf,10.3390/ijgi11010023
Avsar,2022,Semantic Segmentation of High-Resolution Airborne Images with Dual-Stream DeepLabV3+,ISPRS Int J Geo-Inf,10.3390/ijgi11010023
Aydar,2022,Semantic Segmentation of High-Resolution Airborne Images with Dual-Stream DeepLabV3+,ISPRS Int J Geo-Inf,10.3390/ijgi11010023
Li,2020,Multimodal Bilinear Fusion Network With Second-Order Attention-Based Channel Selection for Land Cover Classification,IEEE J Sel Top Appl Earth Observ Remote Sens,10.1109/jstars.2020.2975252
Andreo,2021,Spatial Distribution of Aedes aegypti Oviposition Temporal Patterns and Their Relationship with Environment and Dengue Incidence,Insects,10.3390/insects12100919
Trong Hop Dang,2019,Multiple kernel collaborative fuzzy clustering algorithm with weighted super-pixels for satellite image land-cover classification,Eng Appl Artif Intell,10.1016/j.engappai.2019.05.004
Salekin,2020,Sentinel-2 Data for Land Cover/Use Mapping: A Review,Remote Sens,10.3390/rs12142291
Li,2018,Chemical Diversity of Metal Sulfide Minerals and Its Implications for the Origin of Life,Life-Basel,10.3390/life8040046
Beckley,2021,Altimetry for the future: Building on 25 years of progress,Adv Space Res,10.1016/j.asr.2021.01.022
Du Penhoat,2021,Altimetry for the future: Building on 25 years of progress,Adv Space Res,10.1016/j.asr.2021.01.022
Garcia-Mondejar,2021,Altimetry for the future: Building on 25 years of progress,Adv Space Res,10.1016/j.asr.2021.01.022
Nilsen,2021,Altimetry for the future: Building on 25 years of progress,Adv Space Res,10.1016/j.asr.2021.01.022
Ricker,2021,Altimetry for the future: Building on 25 years of progress,Adv Space Res,10.1016/j.asr.2021.01.022
Salaun,2021,Altimetry for the future: Building on 25 years of progress,Adv Space Res,10.1016/j.asr.2021.01.022
Scharffenberg,2021,Altimetry for the future: Building on 25 years of progress,Adv Space Res,10.1016/j.asr.2021.01.022
Vuilleumier,2021,Altimetry for the future: Building on 25 years of progress,Adv Space Res,10.1016/j.asr.2021.01.022
Pinheiro,2021,A Large-Scale Deep-Learning Approach for Multi-Temporal Aqua and Salt-Culture Mapping,Remote Sens,10.3390/rs13081415
Rahimlou,2021,Characterization of the Ergosterol Biosynthesis Pathway in Ceratocystidaceae,J Fungi,10.3390/jof7030237
Beckett,2020,Observations and Recommendations for Coordinated Calibration Activities of Government and Commercial Optical Satellite Systems,Remote Sens,10.3390/rs12152468
Pana,2020,A Random Forest Modelling Procedure for a Multi-Sensor Assessment of Tree Species Diversity,Remote Sens,10.3390/rs12071210
Condro,2020,Retrieving the National Main Commodity Maps in Indonesia Based on High-Resolution Remotely Sensed Data Using Cloud Computing Platform,Land,10.3390/land9100377
Pramulya,2020,Retrieving the National Main Commodity Maps in Indonesia Based on High-Resolution Remotely Sensed Data Using Cloud Computing Platform,Land,10.3390/land9100377
Minh Hai Pham,2020,Mangrove forest classification and aboveground biomass estimation using an atom search algorithm and adaptive neuro-fuzzy inference system,PLoS One,10.1371/journal.pone.0233110
Kankam,2021,Testing the Contribution of Multi-Source Remote Sensing Features for Random Forest Classification of the Greater Amanzule Tropical Peatland,Sensors,10.3390/s21103399
Ferrara,2019,Sustainable International Relations,Pope Francis' Encyclical Laudato Si' and the Planetary Implications of Integral Ecology Religions,10.1057/9781137273543
Dehghani,2020,Spatial Analysis of Seasonal Precipitation over Iran: Co-Variation with Climate Indices,ISPRS Int Geo-Inf,10.3390/ijgi9020073
Salehi,2020,Spatial Analysis of Seasonal Precipitation over Iran: Co-Variation with Climate Indices,ISPRS Int Geo-Inf,10.3390/ijgi9020073
Hoffmann,2020,"Maximum Fraction Images Derived from Year-Based Project for On-Board Autonomy-Vegetation (PROBA-V) Data for the Rapid Assessment of Land Use and Land Cover Areas in Mato Grosso State, Brazil",Land,10.3390/land9050139
Ianiri,2021,Halogenated Volatile Organic Compounds in Water Samples and Inorganic Elements Levels in Ores for Characterizing a High Anthropogenic Polluted Area in the Northern Latium Region (Italy),Int J Environ Res Public Health,10.3390/ijerph18041628
Liu,2021,Modeling the Relationship of >= 2 MeV Electron Fluxes at Different Longitudes in Geostationary Orbit by the Machine Learning Method,Remote Sens,10.3390/rs13173347
Shi,2021,Modeling the Relationship of >= 2 MeV Electron Fluxes at Different Longitudes in Geostationary Orbit by the Machine Learning Method,Remote Sens,10.3390/rs13173347
Qi,2020,Classification Strategies for Unbalanced Binary Maps: Finding Ponderosa Pine (Pinus ponderosa) in the Willamette Valley,Remote Sens,10.3390/rs12203325
Bonavita,2021,Machine Learning for Earth System Observation and Prediction,Bull Amer Meteorol Soc,10.1175/bams-d-20-0307.1
Antoniou,2020,"Fusing Earth Observation, Volunteered Geographic Information and Artificial Intelligence for improved Land Management",GeoMedia,10.1007/978-3-319-70878-2
Dowling,2021,ExtremeEarth Meets Satellite Data From Space,IEEE J Sel Top Appl Earth Observ Remote Sens,10.1109/jstars.2021.3107982
Pantazi,2021,ExtremeEarth Meets Satellite Data From Space,IEEE J Sel Top Appl Earth Observ Remote Sens,10.1109/jstars.2021.3107982
Al Khalifah,2020,Permeability prediction and diagenesis in tight carbonates using machine learning techniques,Mar Pet Geol,10.1016/j.marpetgeo.2019.104096
Davis,2019,A Heterogeneous and Interactive Big Earth Data Framework,BDE 2019: 2019 INTERNATIONAL CONFERENCE ON BIG DATA ENGINEERING,10.1145/3341620.3341628
Caputo,2018,The Power of Visualization in Learning Geoscience,Understanding Climate Change Seeking and Comparing Images Rend Online Soc Geol Ital,10.3301/rol.2018.38
Ozturk,2019,Interplanetary Transfers via Deep Representations of the Optimal Policy and/or of the Value Function,PROCEEDINGS OF THE 2019 GENETIC AND EVOLUTIONARY COMPUTATION CONFERENCE COMPANION (GECCCO'19 COMPANION),10.1145/3319619.3326834
Torres,2019,The possibility and risks of artificial general intelligence,Bull Atom Scient,10.1080/00963402.2019.1604873
Zurbaran,2019,A MACHINE LEARNING PIPELINE ARTICULATING SATELLITE IMAGERY AND OPENSTREETMAP FOR ROAD DETECTION,FOSS4G 2019 - ACADEMIC TRACK,10.5194/isprs-archives-xlii-4-w14-255-2019
Chan,2020,Parametrization of Stochastic Inputs Using Generative Adversarial Networks With Application in Geology,Front Water,10.3389/frwa.2020.00005
Lamprecht,2020,Modelling the Refractive Index Structure Parameter: A ResNet Approach,2020 INTERNATIONAL CONFERENCE ON BROADBAND COMMUNICATIONS FOR NEXT GENERATION NETWORKS AND MULTIMEDIA APPLICATIONS (COBCOM),10.1109/cobcom49975.2020.9174186
Nonnenmacher,2021,"Deep Emulators for Differentiation, Forecasting, and Parametrization in Earth Science Simulators",J Adv Model Earth Syst,10.1029/2021ms002554
Bischke,2019,EuroSAT: A Novel Dataset and Deep Learning Benchmark for Land Use and Land Cover Classification,IEEE J Sel Top Appl Earth Observ Remote Sens,10.1109/jstars.2019.2918242
Strnad,2019,Deep reinforcement learning in World-Earth system models to discover sustainable management strategies,Chaos,10.1063/1.5124673
Boulton,2018,The challenges of a Big Data Earth,Big Earth Data,10.1080/20964471.2017.1397411
Svendsen,2020,Deep Gaussian processes for biogeophysical parameter retrieval and model inversion,ISPRS-J Photogramm Remote Sens,10.1016/j.isprsjprs.2020.04.014
Carrero-Pazos,2021,Hybrid MSRM-Based Deep Learning and Multitemporal Sentinel 2-Based Machine Learning Algorithm Detects Near 10k Archaeological Tumuli in North-Western Iberia,Remote Sens,10.3390/rs13204181
Kristoffersen,2021,An Automatic Well Planner for Complex Well Trajectories,Math Geosci,10.1007/s11004-021-09953-x
Ronzio,2022,Machine Learning techniques for solar irradiation nowcasting: Cloud type classification forecast through satellite data and imagery,Appl Energy,10.1016/j.apenergy.2021.117834
Dramsch,2020,70 years of machine learning in geoscience in review,Adv Geophys,10.1016/bs.agph.2020.08.002
Felsche,2021,Applying machine learning for drought prediction in a perfect model framework using data from a large ensemble of climate simulations,Nat Hazards Earth Syst Sci,10.5194/nhess-21-3679-2021
Hefele,2020,Identifying Earth-impacting asteroids using an artificial neural network,Astron Astrophys,10.1051/0004-6361/201935983
Campa,2019,Why space colonization will be fully automated,Technol Forecast Soc Chang,10.1016/j.techfore.2019.03.021
Phelan,2020,Detection of ringforts from aerial photography using machine learning,2020 31ST IRISH SIGNALS AND SYSTEMS CONFERENCE (ISSC),10.1109/issc49989.2020.9180159
Balestra,IONS,"A Machine Learning Approach for Mapping Forest Categories: An Application of Google Earth Engine for the Case Study of Monte Sant'Angelo, Central Italy",COMPUTATIONAL SCIENCE AND ITS APPLICA,10.1007/978-3-030-87007-2_12
Chiappini,IONS,"A Machine Learning Approach for Mapping Forest Categories: An Application of Google Earth Engine for the Case Study of Monte Sant'Angelo, Central Italy",COMPUTATIONAL SCIENCE AND ITS APPLICA,10.1007/978-3-030-87007-2_12
Weigand,2019,Modelling the impact of the urban spatial structure on the choice of residential location using 'big earth data' and machine learning,2019 JOINT URBAN REMOTE SENSING EVENT (JURSE),10.1109/jurse.2019.8808942
Goebel,2019,Modelling the impact of the urban spatial structure on the choice of residential location using 'big earth data' and machine learning,2019 JOINT URBAN REMOTE SENSING EVENT (JURSE),10.1109/jurse.2019.8808942
Jentzsch,2021,A qualitative study of Machine Learning practices and engineering challenges in Earth Observation,IT-Inf Technol,10.1515/itit-2020-0045
Tsanaktsidis,2020,A cloud based smart recycling bin for waste classification,2020 9TH INTERNATIONAL CONFERENCE ON MODERN CIRCUITS AND SYSTEMS TECHNOLOGIES (MOCAST),10.1109/mocast49295.2020.9200283
Bereta,2018,From Big Data to Big Information and Big Knowledge: the Case of Earth Observation Data,CIKM'18: PROCEEDINGS OF THE 27TH ACM INTERNATIONAL CONFERENCE ON INFORMATION AND KNOWLEDGE MANAGEMENT,10.1145/3269206.3274270
Manegold,2018,From Big Data to Big Information and Big Knowledge: the Case of Earth Observation Data,CIKM'18: PROCEEDINGS OF THE 27TH ACM INTERNATIONAL CONFERENCE ON INFORMATION AND KNOWLEDGE MANAGEMENT,10.1145/3269206.3274270
Kopperud,2019,Text-mined fossil biodiversity dynamics using machine learning,Proc R Soc B-Biol Sci,10.1098/rspb.2019.0022
Taktak,2018,PREDICAT: A semantic service-oriented platform for data interoperability and linking in earth observation and disaster prediction,2018 IEEE 11TH CONFERENCE ON SERVICE-ORIENTED COMPUTING AND APPLICATIONS (SOCA),10.1109/soca.2018.00035
Ben Lamine,2018,PREDICAT: A semantic service-oriented platform for data interoperability and linking in earth observation and disaster prediction,2018 IEEE 11TH CONFERENCE ON SERVICE-ORIENTED COMPUTING AND APPLICATIONS (SOCA),10.1109/soca.2018.00035
Boukadi,2018,PREDICAT: A semantic service-oriented platform for data interoperability and linking in earth observation and disaster prediction,2018 IEEE 11TH CONFERENCE ON SERVICE-ORIENTED COMPUTING AND APPLICATIONS (SOCA),10.1109/soca.2018.00035
Zghal,2018,PREDICAT: A semantic service-oriented platform for data interoperability and linking in earth observation and disaster prediction,2018 IEEE 11TH CONFERENCE ON SERVICE-ORIENTED COMPUTING AND APPLICATIONS (SOCA),10.1109/soca.2018.00035
Grlj,2020,Earth Observation for agricultural drought monitoring in the Pannonian Basin (southeastern Europe): current state and future directions,Reg Envir Chang,10.1007/s10113-020-01710-w
Bucur,2020,Earth Observation for agricultural drought monitoring in the Pannonian Basin (southeastern Europe): current state and future directions,Reg Envir Chang,10.1007/s10113-020-01710-w
Viavattene,kets,Artificial Neural Networks for Multiple NEA Rendezvous Missions with Continuous Thrust,J Spacecr Ro,10.2514/1.a34799
Gurol,2021,Latent space data assimilation by using deep learning,Q J R Meteorol Soc,10.1002/qj.4153
Sadeghi,2021,Detecting Ground Deformation in the Built Environment Using Sparse Satellite InSAR Data With a Convolutional Neural Network,IEEE Trans Geosci Remote Sensing,10.1109/tgrs.2020.3018315
Gil-Fournier,2021,Ground truth to fake geographies: machine vision and learning in visual practices,AI Soc,10.1007/s00146-020-01062-3
Parikka,2021,Ground truth to fake geographies: machine vision and learning in visual practices,AI Soc,10.1007/s00146-020-01062-3
Aminalragia-Giamini,2018,Artificial intelligence unfolding for space radiation monitor data,J Space Weather Space Clim,10.1051/swsc/2018041
Silva,osci,Efficient well placement optimization under uncertainty using a virtual drilling procedure,Comput G,10.1007/s10596-021-10097-4
Sukhanov,2018,Open Data for Global Multimodal Land Use Classification: Outcome of the 2017 IEEE GRSS Data Fusion Contest,IEEE J Sel Top Appl Earth Observ Remote Sens,10.1109/jstars.2018.2799698
Heremans,2018,Open Data for Global Multimodal Land Use Classification: Outcome of the 2017 IEEE GRSS Data Fusion Contest,IEEE J Sel Top Appl Earth Observ Remote Sens,10.1109/jstars.2018.2799698
Meraner,2020,Cloud removal in Sentinel-2 imagery using a deep residual neural network and SAR-optical data fusion,ISPRS-J Photogramm Remote Sens,10.1016/j.isprsjprs.2020.05.013
Lian,2021,Large-Scale Semantic 3-D Reconstruction: Outcome of the 2019 IEEE GRSS Data Fusion Contest-Part B,IEEE J Sel Top Appl Earth Observ Remote Sens,10.1109/jstars.2020.3032221
Zhou,2021,Large-Scale Semantic 3-D Reconstruction: Outcome of the 2019 IEEE GRSS Data Fusion Contest-Part B,IEEE J Sel Top Appl Earth Observ Remote Sens,10.1109/jstars.2020.3032221
Jia,2021,Large-Scale Semantic 3-D Reconstruction: Outcome of the 2019 IEEE GRSS Data Fusion Contest-Part B,IEEE J Sel Top Appl Earth Observ Remote Sens,10.1109/jstars.2020.3032221
Wu,2021,Large-Scale Semantic 3-D Reconstruction: Outcome of the 2019 IEEE GRSS Data Fusion Contest-Part B,IEEE J Sel Top Appl Earth Observ Remote Sens,10.1109/jstars.2020.3032221
Hesse,2020,Challenges in Applying Machine Learning Models for Hydrological Inference: A Case Study for Flooding Events Across Germany,Water Resour Res,10.1029/2019wr025924
Asensio Ramos,2021,Learning to do multiframe wavefront sensing unsupervised: Applications to blind deconvolution,Astron Astrophys,10.1051/0004-6361/202038552
Quynh Duy Bui,2021,"GIS-based ensemble computational models for flood susceptibility prediction in the Quang Binh Province, Vietnam",J Hydrol,10.1016/j.jhydrol.2021.126500
Wagemann,2021,Users of open Big Earth data-An analysis of the current state,Comput Geosci,10.1016/j.cageo.2021.104916
Tsog,2020,Enabling radiation tolerant heterogeneous GPU-based onboard data processing in space,CEAS Space J,10.1007/s12567-020-00321-9
Kunkel,2020,Enabling radiation tolerant heterogeneous GPU-based onboard data processing in space,CEAS Space J,10.1007/s12567-020-00321-9
Flordal,2020,Enabling radiation tolerant heterogeneous GPU-based onboard data processing in space,CEAS Space J,10.1007/s12567-020-00321-9
Troxel,2020,Enabling radiation tolerant heterogeneous GPU-based onboard data processing in space,CEAS Space J,10.1007/s12567-020-00321-9
Zech,2021,Automatic mapping of national surface water with OpenStreetMap and Sentinel-2 MSI data using deep learning,Int J Appl Earth Obs Geoinf,10.1016/j.jag.2021.102571
Fendrich,2021,Automatic mapping of national surface water with OpenStreetMap and Sentinel-2 MSI data using deep learning,Int J Appl Earth Obs Geoinf,10.1016/j.jag.2021.102571
Pallocchia,2021,An empirical model of the Earth's bow shock based on an artificial neural network,Planet Space Sci,10.1016/j.pss.2021.105196
Geanta,MICS,Horizon Scanning: Rise of Planetary Health Genomics and Digital Twins for Pandemic Preparedness,,10.1089/omi.2021.0062
Zoumpekas,2021,An intelligent framework for end-to-end rockfall detection,Int J Intell Syst,10.1002/int.22557
Fontanelli,2020,Remote Sensing of Forest Biomass Using GNSS Reflectometry,IEEE J Sel Top Appl Earth Observ Remote Sens,10.1109/jstars.2020.2982993
Clarizia,2020,Remote Sensing of Forest Biomass Using GNSS Reflectometry,IEEE J Sel Top Appl Earth Observ Remote Sens,10.1109/jstars.2020.2982993
Aubrun,TION,Unsupervised Learning of Robust Representations for Change Detection on Sentinel-2 Earth Observation Images,ENVIRONMENTAL SOFTWARE SYSTEMS: DATA SCIENCE IN A,10.1007/978-3-030-39815-6_1
Troya-Galvis,TION,Unsupervised Learning of Robust Representations for Change Detection on Sentinel-2 Earth Observation Images,ENVIRONMENTAL SOFTWARE SYSTEMS: DATA SCIENCE IN A,10.1007/978-3-030-39815-6_1
Hugues,TION,Unsupervised Learning of Robust Representations for Change Detection on Sentinel-2 Earth Observation Images,ENVIRONMENTAL SOFTWARE SYSTEMS: DATA SCIENCE IN A,10.1007/978-3-030-39815-6_1
Spigai,TION,Unsupervised Learning of Robust Representations for Change Detection on Sentinel-2 Earth Observation Images,ENVIRONMENTAL SOFTWARE SYSTEMS: DATA SCIENCE IN A,10.1007/978-3-030-39815-6_1
Oehmcke,2019,Detecting Hardly Visible Roads in Low-Resolution Satellite Time Series Data,2019 IEEE INTERNATIONAL CONFERENCE ON BIG DATA (BIG DATA),10.1109/bigdata47090.2019.9006251
Salles,2019,Detecting Hardly Visible Roads in Low-Resolution Satellite Time Series Data,2019 IEEE INTERNATIONAL CONFERENCE ON BIG DATA (BIG DATA),10.1109/bigdata47090.2019.9006251
Michel,2020,1D geological imaging of the subsurface from geophysical data with Bayesian Evidential Learning,Comput Geosci,10.1016/j.cageo.2020.104456
Strecker,2020,"Seismic reservoir characterization of Bentheimer sandstone, Emlichheim oil field, Lower Saxony, Germany",Interpretation,10.1190/int-2019-0308.1
Hagedorn,2020,"Seismic reservoir characterization of Bentheimer sandstone, Emlichheim oil field, Lower Saxony, Germany",Interpretation,10.1190/int-2019-0308.1
Zeug,2020,"Seismic reservoir characterization of Bentheimer sandstone, Emlichheim oil field, Lower Saxony, Germany",Interpretation,10.1190/int-2019-0308.1
Veeken,2020,"Seismic reservoir characterization of Bentheimer sandstone, Emlichheim oil field, Lower Saxony, Germany",Interpretation,10.1190/int-2019-0308.1
Weiel,2020,"Seismic reservoir characterization of Bentheimer sandstone, Emlichheim oil field, Lower Saxony, Germany",Interpretation,10.1190/int-2019-0308.1
Fuhren,2020,"Seismic reservoir characterization of Bentheimer sandstone, Emlichheim oil field, Lower Saxony, Germany",Interpretation,10.1190/int-2019-0308.1
Frehers,2020,"Seismic reservoir characterization of Bentheimer sandstone, Emlichheim oil field, Lower Saxony, Germany",Interpretation,10.1190/int-2019-0308.1
Weghs,2021,Photometric search for exomoons by using convolutional neural networks,Astro Nachr,10.1002/asna.202114007
Wagemann,2018,Geospatial web services pave new ways for server-based on-demand access and processing of Big Earth Data,Int J Digit Earth,10.1080/17538947.2017.1351583
Nikolov,2020,ANTHROPOCENE VERSUS HOLOCENE IN THE LIGHT OF THE PRINCIPLES OF STRATIGRAPHY,C R Acad Bulg Sci,10.7546/crabs.2020.02.12
Hristova,2020,ANTHROPOCENE VERSUS HOLOCENE IN THE LIGHT OF THE PRINCIPLES OF STRATIGRAPHY,C R Acad Bulg Sci,10.7546/crabs.2020.02.12
Ortombina,2019,Adaptive Maximum Torque per Ampere Control of Synchronous Reluctance Motors by Radial Basis Function Networks,IEEE J Emerg Sel Top Power Electron,10.1109/jestpe.2018.2858842
Lopez-Perez,2021,A Contribution to Deep Learning Approaches for Automatic Classification of Volcano-Seismic Events: Deep Gaussian Processes,IEEE Trans Geosci Remote Sensing,10.1109/tgrs.2020.3022995
Matthews,2020,Decoding earth's plate tectonic history using sparse geochemical data,Geosci Front,10.1016/j.gsf.2019.05.002
Wegner, Mag,"Deep Learning and Earth Observation to Support the Sustainable Development Goals: Current Approaches, Open Challenges, and Future Opportunities",IEEE Geosci Remote Sen,10.1109/mgrs.2021.3136100
Kunwar,2021,Large-Scale Semantic 3-D Reconstruction: Outcome of the 2019 IEEE GRSS Data Fusion Contest-Part A,IEEE J Sel Top Appl Earth Observ Remote Sens,10.1109/jstars.2020.3032221
Caumont,2018,From Copernicus Big Data to Big Information and Big Knowledge: A Demo from the Copernicus App Lab Project,CIKM'18: PROCEEDINGS OF THE 27TH ACM INTERNATIONAL CONFERENCE ON INFORMATION AND KNOWLEDGE MANAGEMENT,10.1145/3269206.3269232
Ubels,2018,From Copernicus Big Data to Big Information and Big Knowledge: A Demo from the Copernicus App Lab Project,CIKM'18: PROCEEDINGS OF THE 27TH ACM INTERNATIONAL CONFERENCE ON INFORMATION AND KNOWLEDGE MANAGEMENT,10.1145/3269206.3269232
Wahyudi,2018,From Copernicus Big Data to Big Information and Big Knowledge: A Demo from the Copernicus App Lab Project,CIKM'18: PROCEEDINGS OF THE 27TH ACM INTERNATIONAL CONFERENCE ON INFORMATION AND KNOWLEDGE MANAGEMENT,10.1145/3269206.3269232
Nevistic,2022,"The Concept, Realizations and Role of Geosciences in the Development of Smart Cities",Teh Vjesn,10.17559/tv-20201023143444
Chmielewska,2021,Remote measurement of building usable floor area - Algorithms fusion,Land Use Pol,10.1016/j.landusepol.2020.104938
Garnett,2018,Total systemic failure?,Sci Total Environ,10.1016/j.scitotenv.2018.01.075
Kronberg,2021,Prediction of Soft Proton Intensities in the Near-Earth Space Using Machine Learning,Astrophys J,10.3847/1538-4357/ac1b30
Girard,2018,END-TO-END LEARNING OF POLYGONS FOR REMOTE SENSING IMAGE CLASSIFICATION,IGARSS 2018 - 2018 IEEE INTERNATIONAL GEOSCIENCE AND REMOTE SENSING SYMPOSIUM,10.1109/igarss.2018.8518116
Stavroulopoulou,TION,Deep Learning for Agricultural Land Detection in Insular Areas,2019 10TH INTERNATIONAL CONFERENCE ON INFORM,10.1109/iisa.2019.8900670
Grivei,2020,SVMIRE - AN OPEN SOURCE SVM IMAGE RETRIEVAL WITH RELEVANCE FEEDBACK SYSTEM FOR EARTH OBSERVATION DATA CLASSIFICATION,2020 13TH INTERNATIONAL CONFERENCE ON COMMUNICATIONS (COMM),10.1109/comm48946.2020.9141975
Dell'Aversana,2020,An integrated multi-physics Machine Learning approach for exploration risk mitigation,Boll Geofis Teor Appl,10.3997/2214-4609.201801619
Baumann,2020,BIG DATA S TANDARDS AND ANALYSIS -READ INES S : STATUS AND EVOLUTION,IGARSS 2020 - 2020 IEEE INTERNATIONAL GEOSCIENCE AND REMOTE SENSING SYMPOSIUM,10.1109/igarss39084.2020.9323424
Carbonari,2018,Filtering of noisy magnetotelluric signals by SOM neural networks,Phys Earth Planet Inter,10.1016/j.pepi.2018.10.004
Jahangir,2019,Effective Ground-Truthing of Supervised Machine Learning for Drone Classification,2019 INTERNATIONAL RADAR CONFERENCE (RADAR2019),10.1109/radar41533.2019.171322
Baker,2019,Effective Ground-Truthing of Supervised Machine Learning for Drone Classification,2019 INTERNATIONAL RADAR CONFERENCE (RADAR2019),10.1109/radar41533.2019.171322
Kurinov,2020,Automated Excavator Based on Reinforcement Learning and Multibody System Dynamics,IEEE Access,10.1109/access.2020.3040246
Scano,2021,Extending P4 in-band telemetry to user equipment for latency- and localization-aware autonomous networking with AI forecasting,J Opt Commun Netw,10.1364/jocn.425891
Johnson,2020,Kernel methods and their derivatives: Concept and perspectives for the earth system sciences,PLoS One,10.1371/journal.pone.0235885
Mosser,2020,Stochastic Seismic Waveform Inversion Using Generative Adversarial Networks as a Geological Prior,Math Geosci,10.1007/s11004-019-09832-6
Pittaras,2019,GeoSensor: Semantifying Change and Event Detection over Big Data,SAC '19: PROCEEDINGS OF THE 34TH ACM/SIGAPP SYMPOSIUM ON APPLIED COMPUTING,10.1109/igarss.2014.6946697
Taniskidou,2019,GeoSensor: Semantifying Change and Event Detection over Big Data,SAC '19: PROCEEDINGS OF THE 34TH ACM/SIGAPP SYMPOSIUM ON APPLIED COMPUTING,10.1109/igarss.2014.6946697
Thanos,2019,GeoSensor: Semantifying Change and Event Detection over Big Data,SAC '19: PROCEEDINGS OF THE 34TH ACM/SIGAPP SYMPOSIUM ON APPLIED COMPUTING,10.1109/igarss.2014.6946697
Tsekouras,2019,GeoSensor: Semantifying Change and Event Detection over Big Data,SAC '19: PROCEEDINGS OF THE 34TH ACM/SIGAPP SYMPOSIUM ON APPLIED COMPUTING,10.1109/igarss.2014.6946697
Sichitiu,2020,Digital Tracking Cloud Distributed Architecture for Detection of Faint NEAs,2019 21ST INTERNATIONAL SYMPOSIUM ON SYMBOLIC AND NUMERIC ALGORITHMS FOR SCIENTIFIC COMPUTING (SYNASC 2019),10.1109/synasc49474.2019.00025
Vaduvescu,2020,Digital Tracking Cloud Distributed Architecture for Detection of Faint NEAs,2019 21ST INTERNATIONAL SYMPOSIUM ON SYMBOLIC AND NUMERIC ALGORITHMS FOR SCIENTIFIC COMPUTING (SYNASC 2019),10.1109/synasc49474.2019.00025
Coluccia,2020,Optical Compressive Imaging Technologies for Space Big Data,IEEE Trans Big Data,10.1109/tbdata.2019.2907135
Frajberg,2020,Mountain summit detection with Deep Learning: evaluation and comparison with heuristic methods,Appl Geomat,10.1007/s12518-019-00295-2
Smirnov,2020,Medium Energy Electron Flux in Earth's Outer Radiation Belt (MERLIN): A Machine Learning Model,Space Weather,10.1029/2020sw002532
Martincic,2019,Automated System for Ship Detection from Medium Resolution Satellite Optical Imagery,OCEANS 2019 MTS/IEEE SEATTLE,10.23919/oceans40490.2019.8962707
Taktak,TING,Towards Knowledge-Driven Automatic Service Composition for Wildfire Prediction,SERVICE-ORIENTED COMP,10.1007/978-3-030-76352-7_38
Atanassov,SORS,Multisensor Earth observation systems: data fusion,SE,10.1117/12.2325731
Lenouvel,2021,Identification of Electron Diffusion Regions with a Machine Learning Approach on MMS Data at the Earth's Magnetopause,Earth Space Sci,10.1029/2020ea001530
Hoffmann,2021,The value of multiple data sources in machine learning models for power system event prediction,2021 INTERNATIONAL CONFERENCE ON SMART ENERGY SYSTEMS AND TECHNOLOGIES (SEST),10.1109/sest50973.2021.9543226
Klemets,2021,The value of multiple data sources in machine learning models for power system event prediction,2021 INTERNATIONAL CONFERENCE ON SMART ENERGY SYSTEMS AND TECHNOLOGIES (SEST),10.1109/sest50973.2021.9543226
Rosenlund,2021,The value of multiple data sources in machine learning models for power system event prediction,2021 INTERNATIONAL CONFERENCE ON SMART ENERGY SYSTEMS AND TECHNOLOGIES (SEST),10.1109/sest50973.2021.9543226
Agnan,2021,Scaling uncertainties on asteroid characteristics to prepare datasets for machine learning,Adv Space Res,10.1016/j.asr.2021.06.007
Rothe,2020,"Jellyfish encounters: science, technology and security in the Anthropocene ocean",Crit Stud Secur,10.1080/21624887.2020.1815478
Apostolopoulos,2019,EXTENDING OGC STANDARDS FOR SUPPORTING BIG-EARTH DATA RETRIEVAL AND ANALYTICS,2019 IEEE INTERNATIONAL GEOSCIENCE AND REMOTE SENSING SYMPOSIUM (IGARSS 2019),10.1109/igarss.2019.8897888
Koltsida,2019,EXTENDING OGC STANDARDS FOR SUPPORTING BIG-EARTH DATA RETRIEVAL AND ANALYTICS,2019 IEEE INTERNATIONAL GEOSCIENCE AND REMOTE SENSING SYMPOSIUM (IGARSS 2019),10.1109/igarss.2019.8897888
Apfeld,2021,Recognition of Unknown Radar Emitters With Machine Learning,IEEE Trans Aerosp Electron Syst,10.1109/taes.2021.3098125
Charlish,2021,Recognition of Unknown Radar Emitters With Machine Learning,IEEE Trans Aerosp Electron Syst,10.1109/taes.2021.3098125
Gurk,2019,Food authentication: Multi-elemental analysis of white asparagus for provenance discrimination,Food Chem,10.1016/j.foodchem.2019.01.105
Bockmayr,2019,Food authentication: Multi-elemental analysis of white asparagus for provenance discrimination,Food Chem,10.1016/j.foodchem.2019.01.105
Schmid,2019,Mitigating supply risks through involvement in rare earth projects: Japan's strategies and what the US can learn,Resour Policy,10.1016/j.resourpol.2019.101457
Mihevc,2021,"MORPHOLOGICAL CHARACTERISTICS AND DISTRIBUTION OF DOLINES IN SLOVENIA, A STUDY OF A LIDAR-BASED DOLINE MAP OF SLOVENIA",ACTA CARSOLOGICA,10.3986/ac.v50i1.9462
Mihevc,2021,"MORPHOLOGICAL CHARACTERISTICS AND DISTRIBUTION OF DOLINES IN SLOVENIA, A STUDY OF A LIDAR-BASED DOLINE MAP OF SLOVENIA",ACTA CARSOLOGICA,10.3986/ac.v50i1.9462
Kadow,2020,Artificial intelligence reconstructs missing climate information,Nat Geosci,10.1038/s41561-020-0582-5
Mouradi,2021,Physically interpretable machine learning algorithm on multidimensional non-linear fields,J Comput Phys,10.1016/j.jcp.2020.110074
Pereira,2019,Development of an ANN based corrective algorithm of the operational ECMWF global horizontal irradiation forecasts,Sol Energy,10.1016/j.solener.2019.04.070
Stefanut,2018,NEARBY Platform: Algorithm for Automated Asteroids Detection in Astronomical Images,2018 IEEE 14TH INTERNATIONAL CONFERENCE ON INTELLIGENT COMPUTER COMMUNICATION AND PROCESSING (ICCP),10.1109/iccp.2018.8516594
Bacu,2018,NEARBY Platform: Algorithm for Automated Asteroids Detection in Astronomical Images,2018 IEEE 14TH INTERNATIONAL CONFERENCE ON INTELLIGENT COMPUTER COMMUNICATION AND PROCESSING (ICCP),10.1109/iccp.2018.8516594
Nandra,2018,NEARBY Platform: Algorithm for Automated Asteroids Detection in Astronomical Images,2018 IEEE 14TH INTERNATIONAL CONFERENCE ON INTELLIGENT COMPUTER COMMUNICATION AND PROCESSING (ICCP),10.1109/iccp.2018.8516594
Balasz,2018,NEARBY Platform: Algorithm for Automated Asteroids Detection in Astronomical Images,2018 IEEE 14TH INTERNATIONAL CONFERENCE ON INTELLIGENT COMPUTER COMMUNICATION AND PROCESSING (ICCP),10.1109/iccp.2018.8516594
Jorge,LITY,Geolocation and Counting of People with Aerial Thermal Imaging for Rescue Purposes<bold> </bold>,AUGMENTED RE,10.1007/978-3-319-95270-3_12
Gudzius,2019,Optimal U-net architecture for object recognition problems in multispectral satellite imagery,2019 IEEE/ACS 16TH INTERNATIONAL CONFERENCE ON COMPUTER SYSTEMS AND APPLICATIONS (AICCSA 2019),10.1109/aiccsa47632.2019.9035305
Selea,2020,AgriSen - A Dataset for Crop Classification,2020 22ND INTERNATIONAL SYMPOSIUM ON SYMBOLIC AND NUMERIC ALGORITHMS FOR SCIENTIFIC COMPUTING (SYNASC 2020),10.1109/synasc51798.2020.00049
Pslaru,2020,AgriSen - A Dataset for Crop Classification,2020 22ND INTERNATIONAL SYMPOSIUM ON SYMBOLIC AND NUMERIC ALGORITHMS FOR SCIENTIFIC COMPUTING (SYNASC 2020),10.1109/synasc51798.2020.00049
Kondmann,2021,Change Detection in Hyperdimensional Images Using Untrained Models,IEEE J Sel Top Appl Earth Observ Remote Sens,10.1109/jstars.2021.3121556
Song,2021,Change Detection in Hyperdimensional Images Using Untrained Models,IEEE J Sel Top Appl Earth Observ Remote Sens,10.1109/jstars.2021.3121556
Arostegi,2022,Machine Learning Based Soft Sensing Tool for the Prediction of Leaf Wetness Duration in Precision Agriculture,16TH INTERNATIONAL CONFERENCE ON SOFT COMPUTING MODELS IN INDUSTRIAL AND ENVIRONMENTAL APPLICATIONS (SOCO 2021),10.1007/978-3-030-87869-6_50
Zanandrez,2021,Dengue Vector Population Forecasting Using Multisource Earth Observation Products and Recurrent Neural Networks,IEEE J Sel Top Appl Earth Observ Remote Sens,10.26686/wgtn.14699988.v1
Eiras,2021,Dengue Vector Population Forecasting Using Multisource Earth Observation Products and Recurrent Neural Networks,IEEE J Sel Top Appl Earth Observ Remote Sens,10.26686/wgtn.14699988.v1
Peyrot,2019,"HexaShrink, an exact scalable framework for hexahedral meshes with attributes and discontinuities: multiresolution rendering and storage of geoscience models",Comput Geosci,10.1007/s10596-019-9816-2
Bouard,2019,"HexaShrink, an exact scalable framework for hexahedral meshes with attributes and discontinuities: multiresolution rendering and storage of geoscience models",Comput Geosci,10.1007/s10596-019-9816-2
Chizat,2019,"HexaShrink, an exact scalable framework for hexahedral meshes with attributes and discontinuities: multiresolution rendering and storage of geoscience models",Comput Geosci,10.1007/s10596-019-9816-2
Schneider,2019,"HexaShrink, an exact scalable framework for hexahedral meshes with attributes and discontinuities: multiresolution rendering and storage of geoscience models",Comput Geosci,10.1007/s10596-019-9816-2
Paralic,2020,Statistical Approach for Sky Clouds Density Classification,PROCEEDINGS OF THE 2020 CONFERENCE ON NEW TRENDS IN SIGNAL PROCESSING (NTSP),10.1109/ntsp49686.2020.9229538
Acciaro,2020,Detecting salient regions in a bi-temporal hyperspectral scene by iterating clustering and classification,Appl Intell,10.1007/s10489-020-01701-8
Antoniak,2020,Towards resource-frugal deep convolutional neural networks for hyperspectral image segmentation,Microprocess Microsyst,10.1016/j.micpro.2020.102994
Bonano,2020,National Scale Surface Deformation Time Series Generation through Advanced DInSAR Processing of Sentinel-1 Data within a Cloud Computing Environment,IEEE Trans Big Data,10.1109/tbdata.2018.2863558
Manzo,2020,National Scale Surface Deformation Time Series Generation through Advanced DInSAR Processing of Sentinel-1 Data within a Cloud Computing Environment,IEEE Trans Big Data,10.1109/tbdata.2018.2863558
Koelemeijer,2021,3D Printing the World: Developing Geophysical Teaching Materials and Outreach Packages,Front Earth Sci,10.3389/feart.2021.669095
Opitz,2020,"Data Analytics, Machine Learning and Risk Assessment for Surveillance and Situation Awareness",2020 21ST INTERNATIONAL RADAR SYMPOSIUM (IRS 2020),10.23919/irs48640.2020.9253816
Daestner,2020,"Data Analytics, Machine Learning and Risk Assessment for Surveillance and Situation Awareness",2020 21ST INTERNATIONAL RADAR SYMPOSIUM (IRS 2020),10.23919/irs48640.2020.9253816
Schmid,2020,"Data Analytics, Machine Learning and Risk Assessment for Surveillance and Situation Awareness",2020 21ST INTERNATIONAL RADAR SYMPOSIUM (IRS 2020),10.23919/irs48640.2020.9253816
zu Roseneckh-Koehler,2020,"Data Analytics, Machine Learning and Risk Assessment for Surveillance and Situation Awareness",2020 21ST INTERNATIONAL RADAR SYMPOSIUM (IRS 2020),10.23919/irs48640.2020.9253816
Papa,2022,Investigating Spaceborne Millimeter-Wave Ice Cloud Imager Geolocation Using Landmark Targets and Frequency-Scaling Approach,IEEE Trans Geosci Remote Sensing,10.1109/tgrs.2021.3091831
Sabo,2019,Update and improvement of the European Settlement map,2019 JOINT URBAN REMOTE SENSING EVENT (JURSE),10.1109/jurse.2019.8808933
Politis,2019,Update and improvement of the European Settlement map,2019 JOINT URBAN REMOTE SENSING EVENT (JURSE),10.1109/jurse.2019.8808933
Parisot,-HOC,DMSS: Decision Management System for Safer Spacecrafts,A,10.1007/978-3-030-31831-4_46
Benedetti,2018,M(3)Fusion: A Deep Learning Architecture for Multiscale Multimodal Multitemporal Satellite Data Fusion,IEEE J Sel Top Appl Earth Observ Remote Sens,10.1109/jstars.2018.2876357
van Dijk,2021,Machine Learning to Improve Orientation Estimation in Sports Situations Challenging for Inertial Sensor Use,Front Sports Act Living,10.3389/fspor.2021.670263
DeSantis,#NAME?,Coarse-grain cluster analysis of tensors with application to climate biome identification,#NAME?,10.1088/2632-2153/abb676
Mauracher,2021,Wildfire Detection From Multisensor Satellite Imagery Using Deep Semantic Segmentation,IEEE J Sel Top Appl Earth Observ Remote Sens,10.1109/jstars.2021.3093625
Pohjankukka,2019,The spatial leave-pair-out cross-validation method for reliable AUC estimation of spatial classifiers,Data Min Knowl Discov,10.1007/s10618-018-00607-x
Nykanen,2019,The spatial leave-pair-out cross-validation method for reliable AUC estimation of spatial classifiers,Data Min Knowl Discov,10.1007/s10618-018-00607-x
Liu,2019,CME Arrival Time Prediction Using Convolutional Neural Network,Astrophys J,10.3847/1538-4357/ab2b3e
Schaefer,2019,Global Megathrust Earthquake Hazard-Maximum Magnitude Assessment Using Multi-Variate Machine Learning,Front Earth Sci,10.3389/feart.2019.00136
Mueller-Budack,2018,Geolocation Estimation of Photos Using a Hierarchical Model and Scene Classification,COMPUTER VISION - ECCV,10.1007/978-3-030-01258-8_35
Pustu-Iren,2018,Geolocation Estimation of Photos Using a Hierarchical Model and Scene Classification,COMPUTER VISION - ECCV,10.1007/978-3-030-01258-8_35
Padron-Hidalgo,2022,Unsupervised Anomaly and Change Detection With Multivariate Gaussianization,IEEE Trans Geosci Remote Sensing,10.1109/tgrs.2021.3116186
Schlattmann, GIS,APPLICATION OF REMOTE SENSING AND BIG DATA FOR GLOBAL WATER USE SUSTAINABILITY ASSESSMENT AND MONITORING,7TH INTERNATIONAL CONFERENCE ON CARTOGRAPHY AN,10.1080/20964471.2018.1548052
Monterrubio-Velasco,2018,A Machine Learning Approach for Parameter Screening in Earthquake Simulation,2018 30TH INTERNATIONAL SYMPOSIUM ON COMPUTER ARCHITECTURE AND HIGH PERFORMANCE COMPUTING (SBAC-PAD 2018),10.1109/cahpc.2018.8645865
Carrasco-Jimenez,2018,A Machine Learning Approach for Parameter Screening in Earthquake Simulation,2018 30TH INTERNATIONAL SYMPOSIUM ON COMPUTER ARCHITECTURE AND HIGH PERFORMANCE COMPUTING (SBAC-PAD 2018),10.1109/cahpc.2018.8645865
Heidler,2021,Developing and Testing a Deep Learning Approach for Mapping Retrogressive Thaw Slumps,Remote Sens,10.3390/rs13214294
Mazouz,2019,Multi-Sensory CNN Models for Close Proximity Satellite Operations,2019 IEEE AEROSPACE CONFERENCE,10.1109/aero.2019.8741723
Coiffier,2020,3D Geological Image Synthesis From 2D Examples Using Generative Adversarial Networks,Front Water,10.3389/frwa.2020.560598
Masse,2021,Development and Application of Earth Observation Based Machine Learning Methods for Characterizing Forest and Land Cover Change in Dilijan National Park of Armenia between 1991 and 2019,Remote Sens,10.3390/rs13152942
Kehs,2021,From Village to Globe: A Dynamic Real-Time Map of African Fields Through PlantVillage,Front Sustain Food Syst,10.3389/fsufs.2021.514785
Lorenzo,2020,DATA MINING ON THE CANDELA CLOUD PLATFORM,IGARSS 2020 - 2020 IEEE INTERNATIONAL GEOSCIENCE AND REMOTE SENSING SYMPOSIUM,10.1109/igarss39084.2020.9323245
Melet,2018,A new architecture paradigm for image processing pipeline applied to massive remote sensing data production,IMAGE AND SIGNAL PROCESSING FOR REMOTE SENSING XXIV,10.1117/12.2325700
Madhuanand,2021,Deep convolutional neural networks for surface coal mines determination from sentinel-2 images,Eur J Remote Sens,10.1080/22797254.2021.1920341
Bloch,2021,Constraining the Location of the Outer Boundary of Earth's Outer Radiation Belt,Earth Space Sci,10.1002/essoar.10505703.1
Laurenza,2021,Open Issues in Statistical Forecasting of Solar Proton Events: A Machine Learning Perspective,Space Weather,10.1002/essoar.10507010.1
Cadoret,2019,Proof-of-principle demonstration of vertical-gravity-gradient measurement using a single-proof-mass double-loop atom interferometer,Phys Rev A,10.1103/physreva.99.013601
Schaefermeier,TING,Distances for WiFi Based Topological Indoor Mapping,PROCEEDINGS OF THE 16TH EAI INTERNATIONAL CONFERENCE ON MOBILE AND UBIQUITOUS SYSTEMS: COMP,10.1145/3360774.3360780
Hanika,TING,Distances for WiFi Based Topological Indoor Mapping,PROCEEDINGS OF THE 16TH EAI INTERNATIONAL CONFERENCE ON MOBILE AND UBIQUITOUS SYSTEMS: COMP,10.1145/3360774.3360780
Peng,2020,Potential of Ensemble Learning to Improve Tree-Based Classifiers for Landslide Susceptibility Mapping,IEEE J Sel Top Appl Earth Observ Remote Sens,10.1109/jstars.2020.3014143
Wong,2021,Ophthalmology Going Greener: A Narrative Review,OPHTHALMOL THER,10.1007/s40123-021-00404-8
Blair,2019,Data Science of the Natural Environment: A Research Roadmap,Front Environ Sci,10.3389/fenvs.2019.00121
Rincon-Yanez,2020,Towards a semantic model for IoT-based seismic event detection and classification,2020 IEEE SYMPOSIUM SERIES ON COMPUTATIONAL INTELLIGENCE (SSCI),10.1109/ssci47803.2020.9308329
Ploutarchos,2018,Accuracy of Available Seismic Data in Google Earth,SIXTH INTERNATIONAL CONFERENCE ON REMOTE SENSING AND GEOINFORMATION OF THE ENVIRONMENT (RSCY2018),10.1117/12.2322894
Schmitt,2022,Multitask Learning for Human Settlement Extent Regression and Local Climate Zone Classification,IEEE Geosci Remote Sens Lett,10.1109/lgrs.2020.3037246
Mahecha,2020,Earth system data cubes unravel global multivariate dynamics,Earth Syst Dynam,10.5194/esd-11-201-2020
Gans,2020,Earth system data cubes unravel global multivariate dynamics,Earth Syst Dynam,10.5194/esd-11-201-2020
Khan,2020,Histograms to Quantify Dataset Shift for Spectrum Data Analytics: A SoC Based Device Perspective,2020 2ND 6G WIRELESS SUMMIT (6G SUMMIT),10.1109/6gsummit49458.2020.9083875
Lehnert,2019,Hyperspectral Data Analysis in R: The hsdar Package,J Stat Softw,10.18637/jss.v089.i12
Pospiech,2019,Hyperspectral outcrop models for palaeoseismic studies,Photogramm Rec,10.1111/phor.12300
Nordback,2019,Hyperspectral outcrop models for palaeoseismic studies,Photogramm Rec,10.1111/phor.12300
Kossmann,2021,Towards Tackling Multi-Label Imbalances in Remote Sensing Imagery,2020 25TH INTERNATIONAL CONFERENCE ON PATTERN RECOGNITION (ICPR),10.1109/icpr48806.2021.9412588
Yuan,2021,A Machine Learning Technique for Spatial Interpolation of Solar Radiation Observations,Earth Space Sci,10.1002/essoar.10504618.1
Calota,2020,Low Resolution for DNN in SAR,2020 IEEE RADAR CONFERENCE (RADARCONF20),10.1109/radarconf2043947.2020.9266608
Hubinova,2019,CHANGE THE WORLD THROUGH THE ARTS (REVIVING THE ARTS EXPERIENCE FROM LATVIA),MEGATRENDS AND MEDIA: DIGITAL UNIVERSE,10.1163/9789004505421_003
Berg,2021,Criminology: Some lines of flight,J Criminol -UK,10.1177/26338076211014569
Galkowski,018),Outliers Detection in Regressions by Nonparametric Parzen Kernel Estimation,ARTIFICIAL INTELLIGENCE AND SOFT COMPUTING (ICAISC ,10.1007/978-3-319-91262-2_32
Wu,2021,Derivation of Geometrically and Semantically Annotated UAV Datasets at Large Scales from 3D City Models,2020 25TH INTERNATIONAL CONFERENCE ON PATTERN RECOGNITION (ICPR),10.1109/icpr48806.2021.9412256
Orieschnig,2021,"Input imagery, classifiers, and cloud computing: Insights from multi-temporal LULC mapping in the Cambodian Mekong Delta",Eur J Remote Sens,10.1080/22797254.2021.1948356
Barkaoui,2021,Anatomy of Continuous Mars SEIS and Pressure Data from Unsupervised Learning,Bull Seismol Soc Amer,10.1785/0120210095
Nelson,2019,Predicting the Curie temperature of ferromagnets using machine learning,Phys Rev Mater,10.1103/physrevmaterials.3.104405
Kulbacki,2018,Survey of Drones for Agriculture Automation from Planting to Harvest,2018 IEEE 22ND INTERNATIONAL CONFERENCE ON INTELLIGENT ENGINEERING SYSTEMS (INES 2018),10.1109/ines.2018.8523943
Wegner,2018,Identifying networks with common organizational principles,J Complex Netw,10.1093/comnet/cny003
Ospina-Forero,2018,Identifying networks with common organizational principles,J Complex Netw,10.1093/comnet/cny003
Reinert,2018,Identifying networks with common organizational principles,J Complex Netw,10.1093/comnet/cny003
Federici,2021,Reinforcement Learning for Robust Trajectory Design of Interplanetary Missions,J Guid Control Dyn,10.2514/1.g005794
Smith,2020,Probabilistic Forecasts of Storm Sudden Commencements From Interplanetary Shocks Using Machine Learning,Space Weather,10.1029/2020sw002603
Trifunov,2021,A Data-Driven Approach to Partitioning Net Ecosystem Exchange Using a Deep State Space Model,IEEE Access,10.1109/access.2021.3101129
El Mendili,2020,Towards a Multi-Temporal Deep Learning Approach for Mapping Urban Fabric Using Sentinel 2 Images,Remote Sens,10.3390/rs12030423
Chougrad,2020,Towards a Multi-Temporal Deep Learning Approach for Mapping Urban Fabric Using Sentinel 2 Images,Remote Sens,10.3390/rs12030423
Lehman,2020,Making an Anthropocene Ocean: Synoptic Geographies of the International Geophysical Year (1957-1958),Ann Am Assoc Geogr,10.1080/24694452.2019.1644988
Memishi,2019,Cold Storage Data Archives: More Than Just a Bunch of Tapes,15TH INTERNATIONAL WORKSHOP ON DATA MANAGEMENT ON NEW HARDWARE (DAMON 2019),10.1145/3329785.3329921
Appuswamy,2019,Cold Storage Data Archives: More Than Just a Bunch of Tapes,15TH INTERNATIONAL WORKSHOP ON DATA MANAGEMENT ON NEW HARDWARE (DAMON 2019),10.1145/3329785.3329921
Paradies,2019,Cold Storage Data Archives: More Than Just a Bunch of Tapes,15TH INTERNATIONAL WORKSHOP ON DATA MANAGEMENT ON NEW HARDWARE (DAMON 2019),10.1145/3329785.3329921
Baumeister,2020,Machine-learning Inference of the Interior Structure of Low-mass Exoplanets,Astrophys J,10.5194/egusphere-egu2020-7520
Hafner,2021,"Fast, Cheap, and Turbulent-Global Ocean Modeling With GPU Acceleration in Python",J Adv Model Earth Syst,10.1029/2021ms002717
Leidner,2019,Global Remote Operation of Intelligent Space Robot Assistants,THIRTY-THIRD AAAI CONFERENCE ON ARTIFICIAL INTELLIGENCE / THIRTY-FIRST INNOVATIVE APPLICATIONS OF ARTIFICIAL INTELLIGENCE CONFERENCE / NINTH AAAI SYMPOSIUM ON EDUCATIONAL ADVANCES IN ARTIFICIAL INTELLIGENCE,10.1609/aaai.v33i01.33019863
Schmaus,2019,Global Remote Operation of Intelligent Space Robot Assistants,THIRTY-THIRD AAAI CONFERENCE ON ARTIFICIAL INTELLIGENCE / THIRTY-FIRST INNOVATIVE APPLICATIONS OF ARTIFICIAL INTELLIGENCE CONFERENCE / NINTH AAAI SYMPOSIUM ON EDUCATIONAL ADVANCES IN ARTIFICIAL INTELLIGENCE,10.1609/aaai.v33i01.33019863
Schmidt,2019,Global Remote Operation of Intelligent Space Robot Assistants,THIRTY-THIRD AAAI CONFERENCE ON ARTIFICIAL INTELLIGENCE / THIRTY-FIRST INNOVATIVE APPLICATIONS OF ARTIFICIAL INTELLIGENCE CONFERENCE / NINTH AAAI SYMPOSIUM ON EDUCATIONAL ADVANCES IN ARTIFICIAL INTELLIGENCE,10.1609/aaai.v33i01.33019863
Bayer,2019,Global Remote Operation of Intelligent Space Robot Assistants,THIRTY-THIRD AAAI CONFERENCE ON ARTIFICIAL INTELLIGENCE / THIRTY-FIRST INNOVATIVE APPLICATIONS OF ARTIFICIAL INTELLIGENCE CONFERENCE / NINTH AAAI SYMPOSIUM ON EDUCATIONAL ADVANCES IN ARTIFICIAL INTELLIGENCE,10.1609/aaai.v33i01.33019863
Krueger,2019,Global Remote Operation of Intelligent Space Robot Assistants,THIRTY-THIRD AAAI CONFERENCE ON ARTIFICIAL INTELLIGENCE / THIRTY-FIRST INNOVATIVE APPLICATIONS OF ARTIFICIAL INTELLIGENCE CONFERENCE / NINTH AAAI SYMPOSIUM ON EDUCATIONAL ADVANCES IN ARTIFICIAL INTELLIGENCE,10.1609/aaai.v33i01.33019863
Lii,2019,Global Remote Operation of Intelligent Space Robot Assistants,THIRTY-THIRD AAAI CONFERENCE ON ARTIFICIAL INTELLIGENCE / THIRTY-FIRST INNOVATIVE APPLICATIONS OF ARTIFICIAL INTELLIGENCE CONFERENCE / NINTH AAAI SYMPOSIUM ON EDUCATIONAL ADVANCES IN ARTIFICIAL INTELLIGENCE,10.1609/aaai.v33i01.33019863
Spiliopoulos,ABLE,Countering Real-Time Stream Poisoning: An architecture for detecting vessel spoofing in streams of AIS data,2018 16TH IEEE INT CONF ON DEPEN,10.1109/dasc/picom/datacom/cyberscitec.2018.00139
Chatzikokolakis,ABLE,Countering Real-Time Stream Poisoning: An architecture for detecting vessel spoofing in streams of AIS data,2018 16TH IEEE INT CONF ON DEPEN,10.1109/dasc/picom/datacom/cyberscitec.2018.00139
Tchorbadjieff,2019,Change Point Analysis as a Tool to Detect Abrupt Cosmic Ray Muons Variations,ADVANCED COMPUTING IN INDUSTRIAL MATHEMATICS (BGSIAM 2017),10.1007/978-3-319-97277-0_32
Reed,2020,"Spatial variation in bioavailable strontium isotope ratios (Sr-87/Sr-86) in Kenya and northern Tanzania: Implications for ecology, paleoanthropology, and archaeology",Paleogeogr Paleoclimatol Paleoecol,10.1016/j.palaeo.2020.109957
Hamilton,2020,"Spatial variation in bioavailable strontium isotope ratios (Sr-87/Sr-86) in Kenya and northern Tanzania: Implications for ecology, paleoanthropology, and archaeology",Paleogeogr Paleoclimatol Paleoecol,10.1016/j.palaeo.2020.109957
Tang,2021,A novel index to evaluate discretization methods: A case study of flood susceptibility assessment based on random forest,Geosci Front,10.1016/j.gsf.2021.101253
Silva,2021,An operational Sentinel-2 based monitoring system for the management and control of direct aids to the farmers in the context of the Common Agricultural Policy (CAP): A case study in mainland Portugal,Int J Appl Earth Obs Geoinf,10.1016/j.jag.2021.102469
Catalao,2021,An operational Sentinel-2 based monitoring system for the management and control of direct aids to the farmers in the context of the Common Agricultural Policy (CAP): A case study in mainland Portugal,Int J Appl Earth Obs Geoinf,10.1016/j.jag.2021.102469
Hoiem,2020,Clustering and Dimensionality-reduction Techniques Applied on Power Quality Measurement Data,2020 INTERNATIONAL CONFERENCE ON SMART ENERGY SYSTEMS AND TECHNOLOGIES (SEST),10.1109/sest48500.2020.9203294
Coca,ectr,AUTOENCODER BASED METHOD FOR MULTISPECTRAL IMAGES VISUALIZATION,Univ Politeh Buchar Sci Bull Ser C-E,10.2352/issn.2470-1173.2021.14.cvaa-014
Coca,ectr,AUTOENCODER BASED METHOD FOR MULTISPECTRAL IMAGES VISUALIZATION,Univ Politeh Buchar Sci Bull Ser C-E,10.2352/issn.2470-1173.2021.14.cvaa-014
Schrefl,2020,Computational Design of Rare-Earth Reduced Permanent Magnets,Engineering,10.1016/j.eng.2019.11.006
Pereira,2021,Ghostnet for Hyperspectral Image Classification,IEEE Trans Geosci Remote Sensing,10.1109/tgrs.2021.3050257
Just,2018,Pattern Recognition Scheme for Large-Scale Cloud Detection Over Landmarks,IEEE J Sel Top Appl Earth Observ Remote Sens,10.1109/jstars.2018.2863383
Klimczak,2021,Predicting Asteroid Types: Importance of Individual and Combined Features,Front Astron Space Sci,10.3389/fspas.2021.767885
Christodoulou,2018,A Fuzzy Shape-Based Anomaly Detection and Its Application to Electromagnetic Data,IEEE J Sel Top Appl Earth Observ Remote Sens,10.1109/jstars.2018.2854865
Wilkie,2018,A Fuzzy Shape-Based Anomaly Detection and Its Application to Electromagnetic Data,IEEE J Sel Top Appl Earth Observ Remote Sens,10.1109/jstars.2018.2854865
Tinarelli,2019,SKA: the Authentication and Authorization System Requirements and Prototype,ASTRONOMICAL DATA ANALYSIS SOFTWARE AND SYSTEMS XXVI,10.17487/rfc2977
Knapic,2019,SKA: the Authentication and Authorization System Requirements and Prototype,ASTRONOMICAL DATA ANALYSIS SOFTWARE AND SYSTEMS XXVI,10.17487/rfc2977
Bridger,2019,SKA: the Authentication and Authorization System Requirements and Prototype,ASTRONOMICAL DATA ANALYSIS SOFTWARE AND SYSTEMS XXVI,10.17487/rfc2977
Balhar,2018,New Enabling Technologies to Observe and Characterise Urban Environments with Big Data from Space - the Urban Thematic Exploitation Platform,EXPANDING CITIES - DIMINISHING SPACE: ARE SMART CITIES THE SOLUTION OR PART OF THE PROBLEM OF CONTINUOUS URBANISATION AROUND THE GLOBE? (REAL CORP 2018),10.1109/igarss.2018.8517493
Boissier,2018,New Enabling Technologies to Observe and Characterise Urban Environments with Big Data from Space - the Urban Thematic Exploitation Platform,EXPANDING CITIES - DIMINISHING SPACE: ARE SMART CITIES THE SOLUTION OR PART OF THE PROBLEM OF CONTINUOUS URBANISATION AROUND THE GLOBE? (REAL CORP 2018),10.1109/igarss.2018.8517493
Mathot,2018,New Enabling Technologies to Observe and Characterise Urban Environments with Big Data from Space - the Urban Thematic Exploitation Platform,EXPANDING CITIES - DIMINISHING SPACE: ARE SMART CITIES THE SOLUTION OR PART OF THE PROBLEM OF CONTINUOUS URBANISATION AROUND THE GLOBE? (REAL CORP 2018),10.1109/igarss.2018.8517493
Bengana,2021,Improving Land Cover Segmentation Across Satellites Using Domain Adaptation,IEEE J Sel Top Appl Earth Observ Remote Sens,10.1109/jstars.2020.3042887
Barrios,2021,Partial Discharge Identification in MV Switchgear Using Scalogram Representations and Convolutional AutoEncoder,IEEE Trans Power Deliv,10.1109/tpwrd.2020.3042934
Bailey,2020,Prediction of Dst During Solar Minimum Using In Situ Measurements at L5,Space Weather,10.1029/2019sw002424
Stubbemann,VIII,Orometric Methods in Bounded Metric Data,ADVANCES IN INTELLIGENT DATA ANALYSIS ,10.1007/978-3-030-44584-3_39
Hanika,VIII,Orometric Methods in Bounded Metric Data,ADVANCES IN INTELLIGENT DATA ANALYSIS ,10.1007/978-3-030-44584-3_39
Stumme,VIII,Orometric Methods in Bounded Metric Data,ADVANCES IN INTELLIGENT DATA ANALYSIS ,10.1007/978-3-030-44584-3_39
Mariani,2021,Overview of optical observation strategies and systems: LEO and GEO measurements acquisition for position and attitude determination,2021 IEEE 8TH INTERNATIONAL WORKSHOP ON METROLOGY FOR AEROSPACE (IEEE METROAEROSPACE),10.1109/metroaerospace51421.2021.9511712
Celesti,2021,Overview of optical observation strategies and systems: LEO and GEO measurements acquisition for position and attitude determination,2021 IEEE 8TH INTERNATIONAL WORKSHOP ON METROLOGY FOR AEROSPACE (IEEE METROAEROSPACE),10.1109/metroaerospace51421.2021.9511712
Cimino,2021,Overview of optical observation strategies and systems: LEO and GEO measurements acquisition for position and attitude determination,2021 IEEE 8TH INTERNATIONAL WORKSHOP ON METROLOGY FOR AEROSPACE (IEEE METROAEROSPACE),10.1109/metroaerospace51421.2021.9511712
di Palo,2021,Overview of optical observation strategies and systems: LEO and GEO measurements acquisition for position and attitude determination,2021 IEEE 8TH INTERNATIONAL WORKSHOP ON METROLOGY FOR AEROSPACE (IEEE METROAEROSPACE),10.1109/metroaerospace51421.2021.9511712
Rossetti,2021,Overview of optical observation strategies and systems: LEO and GEO measurements acquisition for position and attitude determination,2021 IEEE 8TH INTERNATIONAL WORKSHOP ON METROLOGY FOR AEROSPACE (IEEE METROAEROSPACE),10.1109/metroaerospace51421.2021.9511712
Bucciarelli,2021,Overview of optical observation strategies and systems: LEO and GEO measurements acquisition for position and attitude determination,2021 IEEE 8TH INTERNATIONAL WORKSHOP ON METROLOGY FOR AEROSPACE (IEEE METROAEROSPACE),10.1109/metroaerospace51421.2021.9511712
Koerner,2022,Mapping invasive strawberry guava (Psidium cattleianum) in tropical forests of Mauritius with Sentinel-2 and machine learning,Int J Remote Sens,10.1080/01431161.2021.2020364
Clochard,2018,Quadri-joint inversion: Method and application to the Big Sky 9C 3D data set in northern Montana,Interpretation,10.1190/int-2018-0035.1
DeVault,2018,Quadri-joint inversion: Method and application to the Big Sky 9C 3D data set in northern Montana,Interpretation,10.1190/int-2018-0035.1
Bowen,2018,Quadri-joint inversion: Method and application to the Big Sky 9C 3D data set in northern Montana,Interpretation,10.1190/int-2018-0035.1
Delepine,2018,Quadri-joint inversion: Method and application to the Big Sky 9C 3D data set in northern Montana,Interpretation,10.1190/int-2018-0035.1
Wangkawong,2018,Quadri-joint inversion: Method and application to the Big Sky 9C 3D data set in northern Montana,Interpretation,10.1190/int-2018-0035.1
Ahmed,2021,Ambient air pollution and meteorological factors escalate electricity consumption,Sci Total Environ,10.1016/j.scitotenv.2021.148841
Ward,2018,Rhyl Field: developing a new structural model by integrating basic geological principles with advanced seismic imaging in the Irish Sea,PETROLEUM GEOLOGY OF NW EUROPE: 50 YEARS OF LEARNING - PROCEEDINGS OF THE 8TH PETROLEUM GEOLOGY CONFERENCE,10.1144/pgc8.11
van der Velde,2018,Living on the Edge? Transformation of a Marginal Pleistocene Landscape Into a Settlement Area in the Northeastern Part of the Netherlands,Environ Archaeol,10.1080/14614103.2017.1370854
Jevnaker,019),The Dynamics of Societal and Corporate Ideas: The Knowledge Work Design of the Future,PROCEEDINGS OF THE 20TH EUROPEAN CONFERENCE ON KNOWLEDGE MANAGEMENT (ECKM ,10.34190/km.19.055
Pivetta,2020,Sensitivity of gravity and topography regressions to earth and planetary structures,Tectonophysics,10.1016/j.tecto.2019.228299
van der Meij,andf,Comparing geomorphological maps made manually and by deep learning,Earth Surf Process ,10.1002/esp.5305
Coope,2021,How might Indigenous decolonization agendas inform Anthropocene historiography?,Rethink Hist,10.1080/13642529.2021.1985811
Diprima,2018,Efficient and automatic image reduction framework for space debris detection based on GPU technology,Acta Astronaut,10.1016/j.actaastro.2018.02.009
Fortunato,2018,Efficient and automatic image reduction framework for space debris detection based on GPU technology,Acta Astronaut,10.1016/j.actaastro.2018.02.009
Jin,2022,MultiScene: A Large-Scale Dataset and Benchmark for Multiscene Recognition in Single Aerial Images,IEEE Trans Geosci Remote Sensing,10.1109/tgrs.2021.3110314
Albani,2020,Long time data series and data stewardship reference model,Big Earth Data,10.1080/20964471.2020.1800893
Cayoglu,2018,Concept and Analysis of Information Spaces to improve Prediction-Based Compression,2018 IEEE INTERNATIONAL CONFERENCE ON BIG DATA (BIG DATA),10.1109/bigdata.2018.8622313
Tristram,2018,Concept and Analysis of Information Spaces to improve Prediction-Based Compression,2018 IEEE INTERNATIONAL CONFERENCE ON BIG DATA (BIG DATA),10.1109/bigdata.2018.8622313
Meyer,2018,Concept and Analysis of Information Spaces to improve Prediction-Based Compression,2018 IEEE INTERNATIONAL CONFERENCE ON BIG DATA (BIG DATA),10.1109/bigdata.2018.8622313
Kerzenmacher,2018,Concept and Analysis of Information Spaces to improve Prediction-Based Compression,2018 IEEE INTERNATIONAL CONFERENCE ON BIG DATA (BIG DATA),10.1109/bigdata.2018.8622313
Wilms,2021,A Beginner's Guide on Integrating *Omics Approaches to Study Marine Microbial Communities: Details and Discussions From Sample Collection to Bioinformatics Analysis,Front Mar Sci,10.3389/fmars.2021.692538
Ferri,2018,The exploration of PHOBOS: Design of a Sample Return mission,Adv Space Res,10.1016/j.asr.2018.06.014
Pelle,2018,The exploration of PHOBOS: Design of a Sample Return mission,Adv Space Res,10.1016/j.asr.2018.06.014
Belluco,2018,The exploration of PHOBOS: Design of a Sample Return mission,Adv Space Res,10.1016/j.asr.2018.06.014
Voirin,2018,The exploration of PHOBOS: Design of a Sample Return mission,Adv Space Res,10.1016/j.asr.2018.06.014
Govigli,2021,Climate data for the European forestry sector: From end-user needs to opportunities for climate resilience,Clim Serv,10.1016/j.cliser.2021.100247
Jimenez,2021,Climate data for the European forestry sector: From end-user needs to opportunities for climate resilience,Clim Serv,10.1016/j.cliser.2021.100247
Kerstens,2019,Synergies Between Space and Energy: Space as a Tool to Support European Energy Goals,Space Policy,10.1016/j.spacepol.2019.01.002
Kaercher,2018,System Design of large Optical Communication Antennas,OPTICAL DESIGN AND ENGINEERING VII,10.1117/12.2311788
van de Kerkhof,2020,Individual Scatterer Model Learning for Satellite Interferometry,IEEE Trans Geosci Remote Sensing,10.1109/tgrs.2019.2945370
Gilet,2021,Automatic Detection of the Thermal Electron Density From the WHISPER Experiment Onboard CLUSTER-II Mission With Neural Networks,J Geophys Res-Space Phys,10.1029/2020ja028901
Merchel,2021,Which is the best Be-9 carrier for Be-10/Be-9 accelerator mass spectrometry?,MethodsX,10.1016/j.mex.2021.101486
Markwick,2019,Palaeogeography in exploration,Geol Mag,10.1017/s0016756818000468
Dessein,2018,Regularized Optimal Transport and the Rot Mover's Distance,J Mach Learn Res,10.1007/s00245-019-09614-w
Rouas,2018,Regularized Optimal Transport and the Rot Mover's Distance,J Mach Learn Res,10.1007/s00245-019-09614-w
Franchi,2018,Model predictive and reallocation problem for CubeSat fault recovery and attitude control,Mech Syst Signal Proc,10.1016/j.ymssp.2017.05.039
Feruglio,2018,Model predictive and reallocation problem for CubeSat fault recovery and attitude control,Mech Syst Signal Proc,10.1016/j.ymssp.2017.05.039
Mozzillo,2018,Model predictive and reallocation problem for CubeSat fault recovery and attitude control,Mech Syst Signal Proc,10.1016/j.ymssp.2017.05.039
Lummitsch,2019,The perspective of optical measurement methods in forestry,PHOTONICS AND EDUCATION IN MEASUREMENT SCIENCE,10.1117/12.2533490
Findeisen,2019,The perspective of optical measurement methods in forestry,PHOTONICS AND EDUCATION IN MEASUREMENT SCIENCE,10.1117/12.2533490
Haas,2019,The perspective of optical measurement methods in forestry,PHOTONICS AND EDUCATION IN MEASUREMENT SCIENCE,10.1117/12.2533490
Hengl,2018,Random forest as a generic framework for predictive modeling of spatial and spatio-temporal variables,PeerJ,10.7717/peerj.5518
Schneider,2021,"Origin of carbon in agricultural soil profiles deduced from depth gradients of C:N ratios, carbon fractions, delta C-13 and delta N-15 values",Plant Soil,10.1007/s11104-020-04769-w
Leontjev,ling,Multimodal mediational means in assessment of processes: an argument for a hard-CLIL approach,Int J Biling Educ B,10.1080/13670050.2020.1754329
Ali,TEMS,Anomaly Detection Procedures in a Real World Dataset by Using Deep-Learning Approaches,INTELLIGENT INFORMATION AND DATABASE SY,10.1007/978-3-030-14799-0_26
Rasheeq,TEMS,Anomaly Detection Procedures in a Real World Dataset by Using Deep-Learning Approaches,INTELLIGENT INFORMATION AND DATABASE SY,10.1007/978-3-030-14799-0_26
Kemavo,2018,Geometric Multi-Wavelet Total Variation for SAR Image Time Series Analysis,2018 21ST INTERNATIONAL CONFERENCE ON INFORMATION FUSION (FUSION),10.23919/icif.2018.8455223
Williams,2021,Getting the European Relay Coordination Office Ready for Business,2021 IEEE AEROSPACE CONFERENCE (AEROCONF 2021),10.1109/aero50100.2021.9438505
Loureiro,2021,Getting the European Relay Coordination Office Ready for Business,2021 IEEE AEROSPACE CONFERENCE (AEROCONF 2021),10.1109/aero50100.2021.9438505
Denis,2021,Getting the European Relay Coordination Office Ready for Business,2021 IEEE AEROSPACE CONFERENCE (AEROCONF 2021),10.1109/aero50100.2021.9438505
Schmitz,2021,Getting the European Relay Coordination Office Ready for Business,2021 IEEE AEROSPACE CONFERENCE (AEROCONF 2021),10.1109/aero50100.2021.9438505
Binder,2020,"A Liberal Order Beyond Earth? Civil Sphere, The Culture and the Future of Liberalism",Sociol Obozr,10.17323/1728-192x-2020-4-36-60
Mahnke,2021,Facebook use as a communicative relation: exploring the relation between Facebook users and the algorithmic news feed,Info Commun Soc,10.1080/1369118x.2020.1718179
Doucet,2019,Mixed-Precision Tomographic Reconstructor Computations on Hardware Accelerators,2019 IEEE/ACM 9TH WORKSHOP ON IRREGULAR APPLICATIONS - ARCHITECTURES AND ALGORITHMS (IA3),10.1109/ia349570.2019.00011
Ltaief,2019,Mixed-Precision Tomographic Reconstructor Computations on Hardware Accelerators,2019 IEEE/ACM 9TH WORKSHOP ON IRREGULAR APPLICATIONS - ARCHITECTURES AND ALGORITHMS (IA3),10.1109/ia349570.2019.00011
Gratadour,2019,Mixed-Precision Tomographic Reconstructor Computations on Hardware Accelerators,2019 IEEE/ACM 9TH WORKSHOP ON IRREGULAR APPLICATIONS - ARCHITECTURES AND ALGORITHMS (IA3),10.1109/ia349570.2019.00011
Bernoux,2021,An operational approach to forecast the Earth's radiation belts dynamics,J Space Weather Space Clim,10.1051/swsc/2021045
Niittynen, S A,Decreasing snow cover alters functional composition and diversity of Arctic tundra,Proc Natl Acad Sci ,10.1073/pnas.2001254117
Dietz,2021,Trends in Satellite Earth Observation for Permafrost Related Analyses-A Review,Remote Sens,10.3390/rs13061217
Doxani,2019,DECISION MAKING ON DISASTER MANAGEMENT IN AGRICULTURE WITH SENTINEL APPLICATIONS,ISPRS ICWG III/IVA GI4DM 2019 - GEOINFORMATION FOR DISASTER MANAGEMENT,10.5194/isprs-archives-xlii-3-w8-121-2019
Gennaro,2019,Multispectral remote sensing for post-dictive analysis of archaeological remains,A case study from Bronte (Sicily) Archaeol Prospect,10.1002/arp.1745
Gudzius,2021,Deep learning-based object recognition in multispectral satellite imagery for real-time applications,Mach Vis Appl,10.1007/s00138-021-01209-2
Ergin,2018,Times Square in the Era of Post-truth Politics,PROCEEDINGS OF THE 4TH MEDIA ARCHITECTURE BIENNALE CONFERENCE 2018 (MAB18),10.1145/3284389.3284394
Schieck,2018,Times Square in the Era of Post-truth Politics,PROCEEDINGS OF THE 4TH MEDIA ARCHITECTURE BIENNALE CONFERENCE 2018 (MAB18),10.1145/3284389.3284394
Martin,2019,Geological interpretation of two virtual outcrops of deformed Palaeozoic rocks (NW Iberian Peninsula) using 3D stereo VDT in a computer assisted virtual environment (CAVE (TM)),J Iber Geol,10.1007/s41513-019-00110-2
Peternelj,2019,THE EU'S ARMY TRANSFORMATION: TRENDS AND PERSPECTIVES,ECONOMIC AND SOCIAL DEVELOPMENT: 43RD INTERNATIONAL SCIENTIFIC CONFERENCE ON ECONOMIC AND SOCIAL DEVELOPMENT RETHINKING MANAGEMENT IN THE DIGITAL ERA: CHALLENGES FROM INDUSTRY 4 0 TO RETAIL MANAGEMENT,10.21236/ada410167
Kiessling,2019,Climate change and the latitudinal selectivity of ancient marine extinctions,Paleobiology,10.1017/pab.2018.34
Sherwen,2019,A machine-learning-based global sea-surface iodide distribution,Earth Syst Sci Data,10.5194/essd-11-1239-2019
Roechert,2022,Caught in a networked collusion? Homogeneity in conspiracy-related discussion networks on YouTube,Inf Syst,10.1016/j.is.2021.101866
Wakeford, Eng,The exoplanet perspective on future ice giant exploration,Philos Trans R Soc A-Math Phy,10.1098/rsta.2020.0054
Malagnino,2021,Building Information Modeling and Internet of Things integration for smart and sustainable environments: A review,J Clean Prod,10.1016/j.jclepro.2021.127716
Morras,2022,Search for black hole hyperbolic encounters with gravitational wave detectors,Phys Dark Universe,10.1016/j.dark.2021.100932
Pearlman,2019,Technologies for Observing and Monitoring Plastics in the Oceans,OCEANS 2019 - MARSEILLE,10.1109/oceanse.2019.8867401
Codispoti,2018,Validation of ground technologies for future Q/V band satellite systems: the QV - LIFT project,2018 IEEE AEROSPACE CONFERENCE,10.1109/aero.2018.8396830
Parca,2018,Validation of ground technologies for future Q/V band satellite systems: the QV - LIFT project,2018 IEEE AEROSPACE CONFERENCE,10.1109/aero.2018.8396830
Massaro,2018,Validation of ground technologies for future Q/V band satellite systems: the QV - LIFT project,2018 IEEE AEROSPACE CONFERENCE,10.1109/aero.2018.8396830
Jafarian,2018,"Synthetic seismic model of a Permian biosiliceous carbonate - carbonate depositional system (Spitsbergen, Svalbard Archipelago)",Mar Pet Geol,10.1016/j.marpetgeo.2018.01.034
Tso,2020,State Tagging for Improved Earth and Environmental Data Quality Assurance,Front Environ Sci,10.3389/fenvs.2020.00046
Polito,2021,A New View of the Solar Interface Region from the Interface Region Imaging Spectrograph (IRIS),Sol Phys,10.1007/s11207-021-01826-0
Antolin,2021,A New View of the Solar Interface Region from the Interface Region Imaging Spectrograph (IRIS),Sol Phys,10.1007/s11207-021-01826-0
Nobrega-Siverio,2021,A New View of the Solar Interface Region from the Interface Region Imaging Spectrograph (IRIS),Sol Phys,10.1007/s11207-021-01826-0
Martinez-Sykora,2021,A New View of the Solar Interface Region from the Interface Region Imaging Spectrograph (IRIS),Sol Phys,10.1007/s11207-021-01826-0
McIntosh,2021,A New View of the Solar Interface Region from the Interface Region Imaging Spectrograph (IRIS),Sol Phys,10.1007/s11207-021-01826-0
Daw,2021,A New View of the Solar Interface Region from the Interface Region Imaging Spectrograph (IRIS),Sol Phys,10.1007/s11207-021-01826-0
Huntingford,2019,Machine learning and artificial intelligence to aid climate change research and preparedness,Environ Res Lett,10.1088/1748-9326/ab4e55
Breuillard,2020,Automatic Classification of Plasma Regions in Near-Earth Space With Supervised Machine Learning: Application to Magnetospheric Multi Scale 2016-2019 Observations,Front Astron Space Sci,10.3389/fspas.2020.00055
Requena-Mesa,TION,Predicting Landscapes from Environmental Conditions Using Generative Networks,PATTERN RECOGN,10.1007/978-3-030-33676-9_14
Hutcheon,2020,Predicting novel superconducting hydrides using machine learning approaches,Phys Rev B,10.1103/physrevb.101.144505
Hutcheon,2020,Predicting novel superconducting hydrides using machine learning approaches,Phys Rev B,10.1103/physrevb.101.144505
Lindsay,2021,A machine learning approach for regional geochemical data: Platinum-group element geochemistry vs geodynamic settings of the North Atlantic Igneous Province,Geosci Front,10.1016/j.gsf.2020.10.005
Couchman,2021,Data-Driven Identification of Turbulent Oceanic Mixing From Observational Microstructure Data,Geophys Res Lett,10.1029/2021gl094978
Zomorodian,2020,Overtopping erosion of model earthen dams analysed using digital image-processing method,Proc Inst Civil Eng -Water Manag,10.1680/jwama.19.00098
de la Fuente Marcos,2021,Using Mars co-orbitals to estimate the importance of rotation-induced YORP break-up events in Earth co-orbital space,Mon Not Roy Astron Soc,10.1093/mnras/stab062
James,2021,The Scalable Plasma Ion Composition and Electron Density (SPICED) Model for Earth's Inner Magnetosphere,J Geophys Res-Space Phys,10.1029/2021ja029565
Miltiadou,2019,"Open source software DASOS: efficient accumulation, analysis and visualisation of full-waveform LiDAR",SEVENTH INTERNATIONAL CONFERENCE ON REMOTE SENSING AND GEOINFORMATION OF THE ENVIRONMENT (RSCY2019),10.1117/12.2537915
Miltiadou,2019,"Open source software DASOS: efficient accumulation, analysis and visualisation of full-waveform LiDAR",SEVENTH INTERNATIONAL CONFERENCE ON REMOTE SENSING AND GEOINFORMATION OF THE ENVIRONMENT (RSCY2019),10.1117/12.2537915
Hargreaves,2020,The Earth Mover's Distance as a Metric for the Space of Inorganic Compositions,Chem Mat,10.26434/chemrxiv.12777566
Furnell,2019,First results from the LUCID-Timepix spacecraft payload onboard the TechDemoSat-1 satellite in Low Earth Orbit,Adv Space Res,10.1016/j.asr.2018.10.045
Kirkham,2020,Morphometry of bedrock meltwater channels on Antarctic inner continental shelves: Implications for channel development and subglacial hydrology,Geomorphology,10.1016/j.geomorph.2020.107369
Murga,SORS,"A compact, lightweight and quasi-athermal optical bench for iSIM170",SE,10.1117/12.2575874
Zeljas,2019,INFLUENCE OF RHEOLOGICAL PARAMETERS OF THE FORE-SUDETIC MONOCLINE PLASTIC ROCKS ON THE PROCESS OF DRILLING BOREHOLES,Arch Min Sci,10.5604/01.3001.0010.0081
Raptis,2020,Classification of Magnetosheath Jets Using Neural Networks and High Resolution OMNI (HRO) Data,Front Astron Space Sci,10.3389/fspas.2020.00024
Zhelavskaya,2021,A Combined Neural Network- and Physics-Based Approach for Modeling Plasmasphere Dynamics,J Geophys Res-Space Phys,10.1029/2020ja028077
Palchowdhuri,2018,"Classification of multi-temporal spectral indices for crop type mapping: a case study in Coalville, UK",J Agric Sci,10.1017/s0021859617000879
Rajpaul,2021,A HARPS-N mass for the elusive Kepler-37d: a case study in disentangling stellar activity and planetary signals,Mon Not Roy Astron Soc,10.1093/mnras/stab2192
Babuska,2020,Growth of primordial continents by cycles of oceanic lithosphere subductions: Evidence from tilted seismic anisotropy supported by geochemical and petrological findings,Solid Earth Sci,10.1016/j.sesci.2019.12.003
